# Wavefront Obj file
# 
# verts: 1188 uv-s: 1849
mtllib textures.mtl

g áîêîâûå äåğæàòåëè

v -12.685700 2.564500 -1.049300
v -7.041400 1.079300 -1.066900
v -7.032000 1.079300 0.331200
v -12.697500 2.564500 0.348600
v 16.419201 1.327700 -0.939100
v 16.628401 2.131300 -0.937400
v 16.617100 2.131300 0.395800
v 16.407900 1.327700 0.397200
v 10.122900 0.864700 -0.960200
v 10.111100 0.864700 0.437700
v -15.449300 6.848700 -1.074500
v -15.499300 6.253500 -1.074200
v -15.511400 6.253500 0.367400
v -15.461400 6.848700 0.367100
v 10.122900 -0.362400 -0.958600
v 10.111100 -0.362400 0.439300
v -0.016400 1.718000 -1.074600
v -0.028100 1.718000 0.321700
v -0.037500 0.491000 -1.074800
v -0.049300 0.491000 0.323100
v -7.020300 2.306300 -1.066700
v -7.032000 2.306300 0.329700
v -12.582700 3.791500 -1.048400
v -12.573300 3.791500 0.348100
v -12.697500 2.564500 -10.907800
v -7.032000 1.079300 -10.925200
v -7.032000 2.306300 -10.926800
v -12.573300 3.791500 -10.908300
v -12.685700 2.564500 -12.305700
v -7.041400 1.079300 -12.323300
v 16.419201 1.327700 -12.195600
v 16.628401 2.131300 -12.193800
v 16.617100 2.131300 -10.860700
v 16.407900 1.327700 -10.859300
v 10.122900 0.864700 -12.216600
v 10.111100 0.864700 -10.818700
v -15.449300 6.848700 -12.331000
v -15.499300 6.253500 -12.330600
v -15.511400 6.253500 -10.889000
v -15.461400 6.848700 -10.889300
v 10.111100 -0.362400 -10.817100
v 10.122900 -0.362400 -12.215000
v -0.016400 1.718000 -12.331000
v -0.028100 1.718000 -10.934700
v -0.049300 0.491000 -10.933300
v -0.037500 0.491000 -12.331200
v -7.020300 2.306300 -12.323100
v -12.582700 3.791500 -12.304900
# 48 positions

vt 0.846000 0.060700
vt 0.845400 0.234600
vt 0.803100 0.234600
vt 0.803700 0.060100
vt 0.396800 0.067300
vt 0.396900 0.042700
vt 0.436900 0.042800
vt 0.436900 0.067300
vt 0.160500 0.941200
vt 0.158500 0.749100
vt 0.200600 0.748500
vt 0.200700 0.940600
vt 0.675100 0.891200
vt 0.692900 0.891200
vt 0.693000 0.934200
vt 0.675100 0.934200
vt 0.838600 0.755500
vt 0.836800 0.941000
vt 0.796400 0.940400
vt 0.796400 0.754900
vt 0.153000 0.442600
vt 0.195100 0.442000
vt 0.844200 0.447200
vt 0.801900 0.446500
vt 0.151800 0.230800
vt 0.193900 0.230200
vt 0.151300 0.060100
vt 0.193300 0.060100
vt 0.548900 0.892500
vt 0.548500 0.934200
vt 0.410100 0.934200
vt 0.410500 0.891200
vt 0.270900 0.085800
vt 0.270900 0.044100
vt 0.396000 0.042700
vt 0.396400 0.085800
vt 0.474600 0.999500
vt 0.264900 0.999500
vt 0.262500 0.963000
vt 0.472200 0.963000
vt 0.093400 0.969400
vt 0.093400 0.932700
vt 0.778800 0.999500
vt 0.775700 0.963000
vt 0.000500 0.866800
vt 0.000500 0.849000
vt 0.961800 0.933500
vt 0.966000 0.909100
vt 0.093400 0.030600
vt 0.265500 0.000600
vt 0.262500 0.037000
vt 0.094000 0.067400
vt 0.740300 0.922800
vt 0.740300 0.749000
vt 0.782600 0.748800
vt 0.782500 0.923300
vt 0.437200 0.067300
vt 0.437300 0.042700
vt 0.477300 0.042800
vt 0.477300 0.067300
vt 0.220100 0.930700
vt 0.218100 0.738600
vt 0.260200 0.738000
vt 0.260300 0.930100
vt 0.270900 0.952400
vt 0.270900 0.934600
vt 0.313900 0.934600
vt 0.313900 0.952400
vt 0.778800 0.000500
vt 0.961800 0.066500
vt 0.966000 0.090900
vt 0.775700 0.037000
vt 0.745200 0.228000
vt 0.746400 0.042600
vt 0.786800 0.043000
vt 0.787500 0.228500
vt 0.212600 0.432100
vt 0.254700 0.431400
vt 0.474600 0.000500
vt 0.472200 0.037000
vt 0.740700 0.536400
vt 0.783000 0.536900
vt 0.211400 0.220300
vt 0.253500 0.219700
vt 0.210900 0.049600
vt 0.252900 0.049600
vt 0.409700 0.892500
vt 0.409400 0.934200
vt 0.270900 0.934200
vt 0.271300 0.891200
vt 0.000500 0.151000
vt 0.000500 0.133200
vt 0.549300 0.934200
vt 0.549300 0.892600
vt 0.674300 0.891200
vt 0.674700 0.934200
# 96 texture coordinates

vn -0.254025 -0.967198 -0.000218
vn -0.169559 -0.985520 -0.000146
vn -0.169559 -0.985520 -0.000146
vn 0.967712 -0.251925 0.008194
vn -0.191103 0.981569 -0.001616
vn -0.054140 0.998533 -0.000460
vn -0.054140 0.998533 -0.000460
vn -0.996456 0.083703 -0.008364
vn 0.089107 -0.996022 0.000753
vn 0.259243 -0.965810 0.002190
vn 0.089107 -0.996022 0.000753
vn 0.083778 0.996484 0.000703
vn -0.083759 -0.996486 -0.000389
vn 0.171742 0.985142 0.000459
vn 0.171742 0.985142 0.000459
vn 0.258428 0.966031 0.000213
vn -0.795091 -0.606454 -0.006692
vn 0.728201 0.685363 0.000693
vn 0.005095 -0.000243 -0.999987
vn -0.002078 0.000392 -0.999998
vn -0.002078 0.000392 -0.999998
vn 0.005095 -0.000243 -0.999987
vn 0.002738 0.000108 -0.999996
vn 0.002738 0.000108 -0.999996
vn 0.007338 -0.000483 -0.999973
vn 0.007338 -0.000483 -0.999973
vn 0.008520 -0.000386 -0.999964
vn 0.003373 -0.000298 -0.999994
vn 0.004904 0.000255 0.999988
vn 0.002315 0.000948 0.999997
vn 0.002315 0.000948 0.999997
vn 0.004904 0.000255 0.999988
vn -0.002470 0.001070 0.999996
vn 0.006387 0.000819 0.999979
vn -0.002470 0.001070 0.999996
vn -0.005041 0.001266 0.999987
vn -0.005041 0.001266 0.999987
vn 0.006423 -0.000174 0.999979
# 38 normals

usemtl 111
f 1/1/1 2/2/2 3/3/3 4/4/1
f 5/5/4 6/6/4 7/7/4 8/8/4
f 6/9/5 9/10/6 10/11/7 7/12/5
f 11/13/8 12/14/8 13/15/8 14/16/8
f 15/17/9 5/18/10 8/19/10 16/20/11
f 9/10/6 17/21/12 18/22/12 10/11/7
f 19/23/13 15/17/9 16/20/11 20/24/13
f 17/21/12 21/25/14 22/26/15 18/22/12
f 2/2/2 19/23/13 20/24/13 3/3/3
f 21/25/14 23/27/16 24/28/16 22/26/15
f 1/29/17 4/30/17 13/31/17 12/32/17
f 24/33/18 23/34/18 11/35/18 14/36/18
f 19/37/19 2/38/20 21/39/21 17/40/22
f 2/38/20 1/41/23 23/42/24 21/39/21
f 15/43/25 19/37/19 17/40/22 9/44/26
f 1/41/23 12/45/27 11/46/27 23/42/24
f 5/47/28 15/43/25 9/44/26 6/48/28
f 25/49/29 26/50/30 27/51/31 28/52/32
f 29/53/1 30/54/2 26/55/3 25/56/1
f 31/57/4 32/58/4 33/59/4 34/60/4
f 32/61/5 35/62/6 36/63/7 33/64/5
f 37/65/8 38/66/8 39/67/8 40/68/8
f 41/69/33 34/70/34 33/71/34 36/72/35
f 42/73/9 31/74/10 34/75/10 41/76/11
f 35/62/6 43/77/12 44/78/12 36/63/7
f 45/79/36 41/69/33 36/72/35 44/80/37
f 46/81/13 42/73/9 41/76/11 45/82/13
f 43/77/12 47/83/14 27/84/15 44/78/12
f 26/50/30 45/79/36 44/80/37 27/51/31
f 30/54/2 46/81/13 45/82/13 26/55/3
f 47/83/14 48/85/16 28/86/16 27/84/15
f 29/87/17 25/88/17 39/89/17 38/90/17
f 25/49/29 28/52/32 40/91/38 39/92/38
f 28/93/18 48/94/18 37/95/18 40/96/18

g ñèäåíèÿ

v -4.252200 2.114099 -11.770550
v -4.525500 2.123399 -0.211850
v -9.278900 2.844399 -0.293550
v -9.005600 2.835099 -11.852150
v -4.117300 3.003699 -11.768750
v -8.870701 3.724599 -11.850451
v -9.144000 3.733899 -0.291750
v -4.390600 3.012999 -0.210050
v 6.890517 1.474461 -12.087423
v 9.226684 1.178141 -0.693573
v 4.472350 1.379611 -0.002668
v 2.136283 1.675936 -11.396618
v 6.931251 2.373032 -12.069332
v 2.176915 2.574502 -11.378428
v 4.513083 2.278182 0.015423
v 9.267417 2.076709 -0.675381
# 16 positions

vt 0.692500 0.000500
vt 0.692500 0.492500
vt 0.488300 0.493900
vt 0.488300 0.001800
vt 0.692900 0.000500
vt 0.897100 0.000500
vt 0.900300 0.492500
vt 0.696100 0.492500
vt 0.897200 0.545900
vt 0.692700 0.545900
vt 0.692700 0.507600
vt 0.897200 0.507600
vt 0.038700 0.507600
vt 0.039300 0.999400
vt 0.001100 0.999500
vt 0.000500 0.507700
vt 0.487800 0.507600
vt 0.692300 0.507600
vt 0.692300 0.545900
vt 0.487800 0.545900
vt 0.039700 0.999400
vt 0.040200 0.507600
vt 0.078400 0.507700
vt 0.077800 0.999500
vt 0.204600 0.012500
vt 0.204600 0.507300
vt 0.000500 0.495300
vt 0.000500 0.000500
vt 0.205000 0.012500
vt 0.409100 0.000500
vt 0.409100 0.495300
vt 0.205000 0.507300
vt 0.487500 0.546300
vt 0.283400 0.546300
vt 0.283300 0.507600
vt 0.487400 0.507600
vt 0.488000 0.000500
vt 0.488000 0.494500
vt 0.448900 0.494800
vt 0.448900 0.000800
vt 0.078900 0.507600
vt 0.283000 0.507600
vt 0.282900 0.546300
vt 0.078800 0.546300
vt 0.409500 0.494500
vt 0.409500 0.000500
vt 0.448600 0.000800
vt 0.448600 0.494800
# 48 texture coordinates

vn -0.149919 -0.988695 -0.002749
vn 0.149899 0.988698 0.002749
vn 0.017080 -0.000624 -0.999854
vn -0.988415 0.149947 -0.023491
vn -0.017099 0.000570 0.999854
vn 0.988417 -0.149932 0.023491
vn -0.044770 -0.998856 -0.016798
vn 0.044769 0.998856 0.016798
vn -0.142654 0.026434 -0.989420
vn -0.978622 0.040235 0.201695
vn 0.142653 -0.026442 0.989420
vn 0.978618 -0.040290 -0.201700
# 12 normals

usemtl 222
f 49/97/39 50/98/39 51/99/39 52/100/39
f 53/101/40 54/102/40 55/103/40 56/104/40
f 49/105/41 52/106/41 54/107/41 53/108/41
f 52/109/42 51/110/42 55/111/42 54/112/42
f 51/113/43 50/114/43 56/115/43 55/116/43
f 50/117/44 49/118/44 53/119/44 56/120/44
f 57/121/45 58/122/45 59/123/45 60/124/45
f 61/125/46 62/126/46 63/127/46 64/128/46
f 57/129/47 60/130/47 62/131/47 61/132/47
f 60/133/48 59/134/48 63/135/48 62/136/48
f 59/137/49 58/138/49 64/139/49 63/140/49
f 58/141/50 57/142/50 61/143/50 64/144/50

g ïëàøêà

v -21.248199 17.580400 -7.778300
v -22.983601 19.079599 -7.778300
v -22.983601 19.079599 -4.293700
v -21.248199 17.580400 -4.293700
v -23.312700 18.793600 -7.778300
v -23.312700 18.793600 -4.293700
v -21.836201 17.095301 -4.293700
v -21.836201 17.095301 -7.778300
# 8 positions

vt 0.000500 0.000500
vt 0.437100 0.000500
vt 0.437100 0.876400
vt 0.000500 0.876400
vt 0.582900 0.814300
vt 0.582900 0.000500
vt 0.659700 0.000500
vt 0.659700 0.814300
vt 0.579700 0.000500
vt 0.579700 0.826000
vt 0.440500 0.826000
vt 0.440500 0.000500
vt 0.839900 0.000500
vt 0.839900 0.521400
vt 0.741800 0.535500
vt 0.669200 0.029500
vt 0.454600 0.828800
vt 0.975600 0.828800
vt 0.946500 0.999500
vt 0.440500 0.926800
# 20 texture coordinates

vn 0.653731 0.756727 0.000000
vn 0.653731 0.756727 0.000000
vn 0.653731 0.756727 0.000000
vn 0.653731 0.756727 0.000000
vn -0.655951 0.754804 0.000000
vn 0.636382 -0.771374 0.000000
vn 0.000000 0.000000 1.000000
vn 0.000000 0.000000 -1.000000
# 8 normals

usemtl 333
f 65/145/51 66/146/52 67/147/53 68/148/54
f 67/149/55 66/150/55 69/151/55 70/152/55
f 65/153/56 68/154/56 71/155/56 72/156/56
f 68/157/57 67/158/57 70/159/57 71/160/57
f 66/161/58 65/162/58 72/163/58 69/164/58

g ëîäêà

v 10.135100 3.068100 1.560000
v 10.363600 -5.555000 1.038200
v 19.480801 -1.752800 1.017100
v 23.370600 3.916300 0.750400
v -0.118400 -5.544500 1.067700
v 0.000000 3.366000 1.560000
v -7.795200 -3.920300 1.066200
v -6.318700 4.815400 1.560000
v -17.862600 3.221900 1.070700
v -13.674500 -1.261900 1.038700
v -11.851800 7.243000 1.560000
v -15.683100 10.121700 1.560000
v 10.135100 3.068100 -13.632000
v 23.370600 3.916300 -12.822400
v 19.480801 -1.752800 -13.089100
v 10.363600 -5.555000 -13.110100
v -0.118400 -5.544500 -13.139600
v 0.000000 3.366000 -13.632000
v -7.795200 -3.920300 -13.138200
v -6.318700 4.815400 -13.632000
v -11.851800 7.243000 -13.632000
v -13.674500 -1.261900 -13.110700
v -17.862600 3.221900 -13.142700
v -15.683100 10.121700 -13.632000
v 10.363600 -5.555000 -3.715600
v 19.480801 -1.752800 -3.715600
v -0.118400 -5.544500 -3.715600
v -7.795200 -3.920300 -3.715600
v -13.674500 -1.261900 -3.715600
v -17.862600 3.221900 -3.715600
v -22.479000 15.080600 -2.636100
v -23.312700 18.793600 -4.186300
v -23.312700 18.793600 -7.885700
v -22.459200 14.992800 -9.472600
v 19.480801 -1.752800 -8.325300
v -17.391300 11.995400 0.791500
v -19.492599 14.407800 -0.974900
v -21.958401 12.762200 -1.668100
v -20.886101 7.986500 0.325800
v -20.886101 7.986500 -12.397700
v -17.391300 11.995400 -12.863500
v -17.862600 3.221900 -8.325300
v -20.825100 15.937700 -9.976900
v 18.752501 -0.820800 0.000000
v 10.135100 -4.413200 0.000000
v 10.135100 3.068100 0.000000
v 22.272900 3.916300 0.000000
v 0.000000 -4.413200 0.000000
v 0.000000 3.366000 0.000000
v -7.439800 -2.838400 0.000000
v -6.318700 4.815400 0.000000
v -11.851800 7.243000 0.000000
v -12.996500 -0.315900 0.000000
v -16.965200 3.916000 0.000000
v -15.683100 10.121700 0.000000
v 18.752501 -0.820800 -12.071900
v 22.272900 3.916300 -12.072000
v 10.135100 3.068100 -12.072000
v 10.135100 -4.413200 -12.072000
v 0.000000 3.366000 -12.072000
v 0.000000 -4.413200 -12.072000
v -7.439800 -2.838400 -12.072000
v -6.318700 4.815400 -12.072000
v -16.965200 3.916000 -12.072000
v -12.996500 -0.315900 -12.072000
v -11.851800 7.243000 -12.072000
v -15.683100 10.121700 -12.072000
v -19.806801 8.414700 -11.461300
v -20.772600 12.573900 -9.699300
v -20.772600 12.573900 -2.372700
v -19.806801 8.414700 -0.610700
v -19.377399 14.285500 -2.260300
v -17.391300 11.995400 -0.610600
v -17.391300 11.995400 -11.461300
v -21.825600 17.108299 -7.778300
v -21.317499 14.920500 -8.705100
v -20.763100 15.883200 -8.660700
v -21.825600 17.108299 -4.293700
v -13.674500 -1.261900 -8.325300
v -7.795200 -3.920300 -8.325300
v -0.118400 -5.544500 -8.325300
v 10.363600 -5.555000 -8.325300
v -13.919100 -3.098500 -7.070200
v -13.919100 -3.098500 -4.970700
v -17.250601 0.468200 -4.970700
v -17.250601 0.468200 -7.070200
v -8.039900 -5.756800 -7.070200
v -8.039900 -5.756800 -4.970700
v -0.363100 -7.381001 -7.070200
v -0.363100 -7.381001 -4.970700
v 10.118900 -7.391500 -7.070200
v 10.118900 -7.391500 -4.970700
v 18.077700 -4.072400 -7.070200
v 18.077700 -4.072400 -4.970700
v -21.317499 14.920500 -3.366800
v -19.643400 14.592200 -9.590800
v -19.719500 14.668300 -10.906400
v -21.944300 12.699400 -10.430100
v -20.769400 15.890500 -3.416500
v -20.877300 15.997600 -2.139000
# 100 positions

vt 0.293300 0.132100
vt 0.332000 0.078400
vt 0.373400 0.141700
vt 0.373800 0.194400
vt 0.265500 0.033300
vt 0.227900 0.090400
vt 0.209900 0.010500
vt 0.181600 0.072300
vt 0.115400 0.012300
vt 0.161200 0.002000
vt 0.136100 0.063800
vt 0.099400 0.065500
vt 0.103600 0.267100
vt 0.002000 0.273200
vt 0.032000 0.229900
vt 0.101900 0.200900
vt 0.182200 0.201000
vt 0.181200 0.269400
vt 0.241000 0.213500
vt 0.229600 0.280500
vt 0.272000 0.299100
vt 0.286000 0.233800
vt 0.318100 0.268200
vt 0.301400 0.321100
vt 0.453900 0.239500
vt 0.378200 0.240100
vt 0.377900 0.203800
vt 0.453600 0.203100
vt 0.534100 0.238800
vt 0.533800 0.202200
vt 0.593900 0.201700
vt 0.594200 0.238300
vt 0.643600 0.237900
vt 0.643300 0.201500
vt 0.690300 0.200900
vt 0.690600 0.237500
vt 0.789500 0.228500
vt 0.818700 0.240100
vt 0.819000 0.268400
vt 0.789200 0.280800
vt 0.784300 0.038300
vt 0.784300 0.073600
vt 0.731700 0.004000
vt 0.784300 0.002000
vt 0.784300 0.110100
vt 0.731700 0.108000
vt 0.079500 0.069400
vt 0.052000 0.074600
vt 0.042700 0.053200
vt 0.075000 0.028800
vt 0.342200 0.304500
vt 0.315600 0.335600
vt 0.734400 0.303700
vt 0.691300 0.309800
vt 0.690900 0.272900
vt 0.733600 0.206200
vt 0.361100 0.360800
vt 0.371400 0.391300
vt 0.348000 0.367900
vt 0.029000 0.425400
vt 0.095000 0.397800
vt 0.095000 0.455200
vt 0.002000 0.461700
vt 0.172600 0.397800
vt 0.172600 0.457400
vt 0.229600 0.409900
vt 0.221000 0.468500
vt 0.263400 0.487100
vt 0.272200 0.429200
vt 0.302600 0.461600
vt 0.292800 0.509200
vt 0.698200 0.029500
vt 0.725200 0.065800
vt 0.632200 0.059300
vt 0.632200 0.002000
vt 0.554600 0.061600
vt 0.554600 0.002000
vt 0.497600 0.014100
vt 0.506200 0.072700
vt 0.424600 0.065800
vt 0.455000 0.033400
vt 0.463800 0.091300
vt 0.434400 0.113300
vt 0.106400 0.573200
vt 0.106400 0.644700
vt 0.014000 0.644700
vt 0.014000 0.573200
vt 0.106400 0.722300
vt 0.014000 0.722300
vt 0.106400 0.780500
vt 0.014000 0.780500
vt 0.014000 0.827300
vt 0.106400 0.827300
vt 0.106400 0.871700
vt 0.014000 0.871700
vt 0.101700 0.912400
vt 0.088200 0.945100
vt 0.032100 0.945100
vt 0.018600 0.912400
vt 0.047200 0.189900
vt 0.002000 0.189900
vt 0.002000 0.097500
vt 0.047200 0.097500
vt 0.324700 0.496200
vt 0.335300 0.529900
vt 0.324500 0.543000
vt 0.306400 0.523700
vt 0.402500 0.100300
vt 0.420800 0.127900
vt 0.380300 0.170900
vt 0.385900 0.153100
vt 0.390000 0.160600
vt 0.014800 0.605300
vt 0.014400 0.698700
vt 0.002400 0.698600
vt 0.009000 0.596900
vt 0.014200 0.776500
vt 0.002200 0.776500
vt 0.014100 0.826300
vt 0.002100 0.826300
vt 0.014000 0.909400
vt 0.002000 0.909400
vt 0.002000 0.872700
vt 0.014000 0.872700
vt 0.107300 0.605600
vt 0.113100 0.597200
vt 0.119100 0.699000
vt 0.107100 0.698900
vt 0.118900 0.776700
vt 0.106900 0.776700
vt 0.118700 0.826400
vt 0.106700 0.826400
vt 0.106600 0.872700
vt 0.118600 0.872800
vt 0.118500 0.909500
vt 0.106500 0.909500
vt 0.073500 0.980800
vt 0.074300 0.998000
vt 0.046000 0.998000
vt 0.046800 0.980800
vt 0.021400 0.953400
vt 0.007900 0.928900
vt 0.018600 0.928900
vt 0.031200 0.952100
vt 0.112500 0.928900
vt 0.101800 0.928900
vt 0.080300 0.968400
vt 0.090300 0.969000
vt 0.644300 0.309900
vt 0.643900 0.273300
vt 0.594800 0.310600
vt 0.594500 0.273700
vt 0.534700 0.311100
vt 0.534400 0.274300
vt 0.454400 0.311600
vt 0.454100 0.275000
vt 0.633800 0.335900
vt 0.633900 0.319800
vt 0.671200 0.320000
vt 0.671200 0.336100
vt 0.584300 0.335700
vt 0.584400 0.319600
vt 0.524200 0.335400
vt 0.524300 0.319300
vt 0.444000 0.335000
vt 0.444000 0.319000
vt 0.378700 0.312200
vt 0.378400 0.275700
vt 0.377900 0.334700
vt 0.378000 0.318700
vt 0.383100 0.622700
vt 0.385500 0.605700
vt 0.414300 0.629500
vt 0.419400 0.652600
vt 0.337200 0.604400
vt 0.339600 0.587400
vt 0.278300 0.592500
vt 0.280600 0.575500
vt 0.198000 0.590200
vt 0.200400 0.573200
vt 0.125600 0.612000
vt 0.137100 0.592300
vt 0.805100 0.047900
vt 0.805100 0.063900
vt 0.574700 0.414800
vt 0.572400 0.397800
vt 0.635600 0.416900
vt 0.647100 0.436700
vt 0.494400 0.417100
vt 0.492100 0.400100
vt 0.435500 0.429100
vt 0.433200 0.412100
vt 0.389600 0.447300
vt 0.387300 0.430300
vt 0.353300 0.477200
vt 0.358400 0.454100
vt 0.669200 0.263400
vt 0.669100 0.247300
vt 0.080600 0.963600
vt 0.039700 0.963600
vt 0.391900 0.134100
vt 0.400200 0.149700
vt 0.087400 0.955300
vt 0.097500 0.956100
vt 0.337500 0.357500
vt 0.354900 0.342400
vt 0.771300 0.288300
vt 0.771200 0.221200
vt 0.341300 0.549000
vt 0.337300 0.556500
vt 0.040100 0.968400
vt 0.030300 0.969600
vt 0.033900 0.078100
vt 0.027100 0.065100
vt 0.346900 0.566700
vt 0.002000 0.084100
# 216 texture coordinates

vn 0.021849 -0.043319 0.998822
vn 0.021849 -0.043319 0.998822
vn 0.043120 -0.028871 0.998653
vn 0.043120 -0.028871 0.998653
vn -0.005777 -0.056219 0.998402
vn -0.005777 -0.056219 0.998402
vn -0.019236 -0.054216 0.998344
vn -0.019236 -0.054216 0.998344
vn -0.147438 -0.004815 0.989060
vn -0.035825 -0.053704 0.997914
vn -0.035825 -0.053704 0.997914
vn -0.147438 -0.004815 0.989060
vn 0.021848 -0.043327 -0.998822
vn 0.043117 -0.028877 -0.998653
vn 0.043117 -0.028877 -0.998653
vn 0.021848 -0.043327 -0.998822
vn -0.005775 -0.056228 -0.998401
vn -0.005775 -0.056228 -0.998401
vn -0.019233 -0.054219 -0.998344
vn -0.019233 -0.054219 -0.998344
vn -0.035825 -0.053704 -0.997914
vn -0.035825 -0.053704 -0.997914
vn -0.147447 -0.004815 -0.989058
vn -0.147447 -0.004815 -0.989058
vn 0.195779 -0.980648 0.000000
vn 0.384906 -0.922956 0.000000
vn 0.195779 -0.980648 0.000000
vn -0.104558 -0.994519 0.000000
vn -0.311313 -0.950307 0.000000
vn -0.311313 -0.950307 0.000000
vn -0.582716 -0.812676 0.000000
vn -0.582716 -0.812676 0.000000
vn -0.790982 -0.611840 0.000000
vn -0.867726 -0.497044 0.000000
vn -0.975707 -0.219081 -0.000005
vn -0.975704 -0.219091 -0.000008
vn 0.837326 -0.546704 0.000000
vn 0.824565 -0.565767 0.000000
vn -0.338583 0.157363 0.927685
vn -0.421805 0.267051 0.866466
vn -0.338583 0.157363 0.927685
vn -0.338595 0.157354 -0.927682
vn -0.338595 0.157354 -0.927682
vn -0.909818 -0.415009 -0.000000
vn -0.421816 0.267043 -0.866463
vn 0.000000 0.000000 -1.000000
vn 0.086640 -0.032730 -0.995702
vn 0.086640 -0.032730 -0.995702
vn -0.000003 0.000004 1.000000
vn 0.000000 0.000000 1.000000
vn 0.086642 -0.032736 0.995701
vn 0.086642 -0.032736 0.995701
vn -0.384781 0.923008 0.000000
vn -0.196204 0.980563 0.000000
vn 0.104108 0.994566 0.000000
vn 0.312066 0.950061 0.000000
vn 0.582508 0.812825 0.000000
vn 0.791009 0.611805 0.000000
vn 0.922702 0.385515 0.000000
vn 0.974081 0.226198 0.000000
vn -0.802629 0.596478 0.000000
vn 0.293897 -0.172282 -0.940183
vn 0.406988 -0.274574 -0.871189
vn 0.293897 -0.172282 -0.940183
vn 0.293888 -0.172286 0.940185
vn 0.293888 -0.172286 0.940185
vn 0.407013 -0.274561 0.871181
vn -0.032864 0.999338 0.015614
vn -0.018175 0.999713 0.015623
vn -0.018175 0.999713 0.015623
vn -0.032864 0.999338 0.015614
vn 0.127089 0.991891 0.000000
vn 0.314060 0.949403 0.000000
vn 0.672789 0.739835 0.000000
vn 0.672789 0.739835 0.000000
vn 0.504595 0.863356 0.000000
vn -0.032864 0.999338 -0.015614
vn -0.032864 0.999338 -0.015614
vn -0.018175 0.999713 -0.015623
vn -0.018175 0.999713 -0.015623
vn 0.127089 0.991891 0.000000
vn 0.847754 0.530379 -0.003405
vn 0.750341 0.661032 -0.004970
vn 0.750335 0.661039 0.004994
vn 0.847750 0.530385 0.003421
vn 0.753135 0.657850 0.004477
vn 0.746478 0.665409 0.001208
vn 0.746478 0.665409 0.001208
vn 0.753135 0.657850 0.004477
vn 0.746429 0.665464 -0.001353
vn 0.746429 0.665464 -0.001353
vn 0.751577 0.659593 -0.008363
vn 0.751577 0.659593 -0.008363
vn -0.311311 -0.950308 0.000000
vn -0.582712 -0.812679 0.000000
vn -0.730792 -0.682601 0.000000
vn -0.104558 -0.994519 0.000000
vn -0.362930 -0.492319 -0.791141
vn -0.362930 -0.492319 -0.791141
vn -0.481606 -0.449846 -0.752126
vn -0.177472 -0.539052 -0.823363
vn -0.177472 -0.539052 -0.823363
vn -0.058543 -0.557943 -0.827812
vn -0.058543 -0.557943 -0.827812
vn 0.119333 -0.570996 -0.812233
vn 0.119333 -0.570996 -0.812233
vn 0.237488 -0.569467 -0.786961
vn 0.855642 -0.517568 0.000000
vn 0.119333 -0.570996 0.812234
vn 0.119333 -0.570996 0.812234
vn 0.237488 -0.569467 0.786961
vn -0.058543 -0.557942 0.827812
vn -0.058543 -0.557942 0.827812
vn -0.177472 -0.539052 0.823363
vn -0.177472 -0.539052 0.823363
vn -0.362930 -0.492319 0.791141
vn -0.362930 -0.492319 0.791141
vn -0.481606 -0.449846 0.752126
vn -0.976182 -0.216953 0.000000
vn 0.753043 0.657954 -0.004746
vn 0.753043 0.657954 -0.004746
vn 0.751613 0.659552 0.008263
vn 0.751613 0.659552 0.008263
# 123 normals

usemtl 444
f 73/165/59 74/166/60 75/167/61 76/168/62
f 77/169/63 74/166/60 73/165/59 78/170/64
f 79/171/65 77/169/63 78/170/64 80/172/66
f 81/173/67 82/174/68 83/175/69 84/176/70
f 85/177/71 86/178/72 87/179/73 88/180/74
f 85/177/71 88/180/74 89/181/75 90/182/76
f 90/182/76 89/181/75 91/183/77 92/184/78
f 93/185/79 94/186/80 95/187/81 96/188/82
f 97/189/83 98/190/84 75/191/84 74/192/85
f 99/193/86 97/189/83 74/192/85 77/194/86
f 99/193/86 77/194/86 79/195/87 100/196/88
f 101/197/89 82/198/90 81/199/91 102/200/92
f 103/201/93 104/202/94 105/203/94 106/204/93
f 98/205/95 107/206/95 76/207/96 75/208/96
f 107/206/95 87/209/96 86/210/96 76/207/96
f 82/174/68 79/171/65 80/172/66 83/175/69
f 92/184/78 91/183/77 94/186/80 93/185/79
f 100/196/88 79/195/87 82/198/90 101/197/89
f 108/211/97 109/212/98 110/213/98 111/214/99
f 96/188/82 95/187/81 112/215/100 113/216/101
f 112/217/102 95/218/91 114/219/92 111/220/102
f 102/200/92 81/199/91 111/220/102 114/219/92
f 106/221/103 105/222/103 115/223/103
f 111/214/99 81/173/67 84/176/70 108/211/97
f 116/224/104 117/225/104 118/226/104 119/227/104
f 120/228/104 121/229/104 118/226/104 117/225/104
f 121/229/104 120/228/104 122/230/104 123/231/104
f 124/232/104 125/233/104 126/234/105 127/235/106
f 128/236/107 129/237/107 130/238/107 131/239/107
f 130/238/107 132/240/107 133/241/108 131/239/107
f 134/242/108 133/241/108 132/240/107 135/243/108
f 136/244/109 137/245/107 138/246/108 139/247/110
f 128/248/111 131/249/112 117/250/112 116/251/111
f 131/249/112 133/252/113 120/253/113 117/250/112
f 120/253/113 133/252/113 134/254/114 122/255/114
f 125/256/115 137/257/115 136/258/116 126/259/116
f 140/260/117 141/261/118 142/262/118 143/263/117
f 129/264/119 128/265/119 116/266/119 119/267/119
f 123/231/104 122/230/104 125/233/104 124/232/104
f 137/245/107 134/242/108 135/243/108 138/246/108
f 122/255/114 134/254/114 137/257/115 125/256/115
f 143/268/120 142/269/121 144/270/121 145/271/122
f 140/272/123 136/244/109 139/247/110 146/273/124
f 126/259/116 136/258/116 140/260/117 143/263/117
f 147/274/125 148/275/125 149/276/125
f 127/235/106 126/234/105 143/268/120 145/271/122
f 119/277/126 118/278/127 73/279/128 76/280/129
f 121/281/130 78/282/130 73/279/128 118/278/127
f 123/283/131 80/284/131 78/282/130 121/281/130
f 127/285/132 84/286/133 83/287/134 124/288/134
f 129/289/135 86/290/136 85/291/137 130/292/138
f 130/292/138 85/291/137 90/293/139 132/294/130
f 132/294/130 90/293/139 92/295/131 135/296/131
f 138/297/134 93/298/134 96/299/133 139/300/132
f 147/301/140 105/302/141 104/303/142 150/304/143
f 119/277/126 76/280/129 86/290/136 129/289/135
f 124/288/134 83/287/134 80/284/131 123/283/131
f 135/296/131 92/295/131 93/298/134 138/297/134
f 109/305/144 108/306/145 145/307/146 144/308/147
f 139/300/132 96/299/133 113/309/148 146/310/149
f 147/301/140 149/311/150 115/312/151 105/302/141
f 127/285/132 145/307/146 108/306/145 84/286/133
f 94/313/90 151/314/89 114/219/92 95/218/91
f 91/315/87 152/316/152 151/314/89 94/313/90
f 89/317/86 153/318/86 152/316/152 91/315/87
f 88/319/85 154/320/83 153/318/86 89/317/86
f 155/321/153 156/322/153 157/323/154 158/324/154
f 159/325/152 160/326/152 156/322/153 155/321/153
f 161/327/155 162/328/155 160/326/152 159/325/152
f 163/329/83 164/330/83 162/328/155 161/327/155
f 88/319/85 87/331/84 107/332/84 154/320/83
f 165/333/84 166/334/84 164/330/83 163/329/83
f 151/335/156 155/336/157 158/337/158 114/338/158
f 152/339/159 159/340/160 155/336/157 151/335/156
f 153/341/161 161/342/162 159/340/160 152/339/159
f 153/341/161 154/343/163 163/344/164 161/342/162
f 154/343/163 107/345/165 165/346/165 163/344/164
f 98/205/95 166/347/166 165/348/166 107/206/95
f 97/349/167 164/350/168 166/351/169 98/352/169
f 99/353/170 162/354/171 164/350/168 97/349/167
f 99/353/170 100/355/172 160/356/173 162/354/171
f 100/355/172 101/357/174 156/358/175 160/356/173
f 101/357/174 102/359/176 157/360/176 156/358/175
f 114/219/92 158/361/177 157/362/177 102/200/92
f 141/261/118 148/363/118 167/364/118 142/262/118
f 141/365/125 140/272/123 146/273/124 168/366/125
f 168/367/178 146/310/149 113/309/148 169/368/179
f 169/369/103 113/216/101 112/215/100 170/370/103
f 170/371/93 112/217/102 111/220/102 110/372/93
f 142/269/121 167/373/121 171/374/121 144/270/121
f 144/308/147 171/375/180 172/376/181 109/305/144
f 109/212/98 172/377/98 103/378/98 110/213/98
f 148/363/118 147/301/140 150/304/143 167/364/118
f 148/275/125 141/365/125 168/366/125 149/276/125
f 150/379/121 171/374/121 167/373/121
f 149/311/150 168/367/178 169/368/179 115/312/151
f 171/375/180 150/304/143 104/303/142 172/376/181
f 115/223/103 169/369/103 170/370/103 106/221/103
f 172/377/98 104/380/98 103/378/98
f 106/204/93 170/371/93 110/372/93 103/201/93

g ïàëêà

v -15.792675 25.602608 -6.501600
v -15.791275 25.604008 -5.570200
v -15.479074 25.291006 -5.561600
v -15.480375 25.289606 -6.507299
v -22.648273 22.734507 -6.707300
v -22.650974 22.730507 -5.460100
v -22.334974 24.823906 -5.525100
v -22.332973 24.826006 -6.631100
v -21.982975 22.872307 -5.466600
v -21.720274 24.494606 -5.517100
v -21.979874 22.873407 -6.691999
v -21.718275 24.496508 -6.632600
v -21.428875 26.815107 -5.589000
v -21.427975 26.816406 -6.549100
v -20.808575 26.600206 -5.584400
v -20.807774 26.601307 -6.546599
v -20.156075 28.430706 -5.642500
v -20.156174 28.431107 -6.474100
v -19.748875 27.932207 -5.628500
v -19.748875 27.932507 -6.484600
v -18.343674 29.613207 -5.684500
v -18.344774 29.612507 -6.405300
v -18.200674 29.007307 -5.666400
v -18.201574 29.006607 -6.423600
v -16.282675 29.829506 -5.697800
v -16.285873 29.827406 -6.365499
v -16.381874 29.143106 -5.676500
v -16.384674 29.141207 -6.390400
v -14.715075 29.452007 -5.691300
v -14.718473 29.449306 -6.353700
v -15.091274 28.764906 -5.669100
v -15.094275 28.762506 -6.382999
v -13.551874 28.625307 -5.669800
v -13.555174 28.622307 -6.363500
v -13.980974 27.841507 -5.644400
v -13.983875 27.838907 -6.396900
v -12.569974 27.179808 -5.628800
v -12.572874 27.176706 -6.397200
v -13.472875 26.923107 -5.618000
v -13.475474 26.920406 -6.420199
v -12.224275 25.426807 -5.576300
v -12.226574 25.423906 -6.451400
v -13.403074 25.544207 -5.576100
v -13.405074 25.541807 -6.466000
v -12.573975 23.944607 -5.529800
v -12.575475 23.942207 -6.507400
v -13.582874 24.640106 -5.547800
v -13.584475 24.638006 -6.499599
v -13.623875 23.002707 -5.497600
v -13.624675 23.001007 -6.556000
v -14.176874 23.888107 -5.522900
v -14.177975 23.886507 -6.534500
v -15.198074 22.901207 -5.489400
v -15.198475 22.900208 -6.584200
v -14.923775 23.643707 -5.513000
v -14.924574 23.642508 -6.554600
v -16.105074 23.603006 -5.508000
v -16.105474 23.602207 -6.574600
v -15.466675 24.045008 -5.523500
v -15.467474 24.043907 -6.549500
v -16.388575 24.390707 -5.531100
v -16.389275 24.390007 -6.552299
v -15.795975 24.427107 -5.534200
v -15.796875 24.426006 -6.541699
v -16.177174 25.071707 -5.552600
v -16.178274 25.070707 -6.525800
v -15.648575 24.948507 -5.550600
v -15.649775 24.947308 -6.521600
v -22.119974 21.111309 -5.412300
v -22.803474 20.974810 -5.406000
v -22.121975 21.112808 -6.754200
v -22.804375 20.973410 -6.769700
v -23.571175 21.152510 -5.408900
v -23.627274 21.153210 -6.776600
v -22.967974 22.819706 -6.709400
v -22.940275 22.798807 -5.461300
v -23.999575 21.681509 -5.423700
v -24.047474 21.708008 -6.764299
v -23.478973 23.117308 -6.707399
v -23.456175 23.098806 -5.468800
v -24.250874 22.417307 -5.445400
v -24.288774 22.439608 -6.743199
v -23.823675 23.592306 -6.696600
v -23.806374 23.576706 -5.482300
v -24.389374 23.051706 -5.464300
v -24.418974 23.052107 -6.724400
v -24.038574 23.995007 -6.686300
v -24.025774 23.981707 -5.493900
v -24.462374 23.584707 -5.480400
v -24.482874 23.599407 -6.706800
v -24.196674 24.309008 -6.678100
v -24.188774 24.298206 -5.503100
v -24.474575 24.088306 -5.495700
v -24.485674 24.099007 -6.689800
v -24.296474 24.568007 -6.670899
v -24.293674 24.560007 -5.510700
v -21.711275 20.304308 -5.389000
v -22.119675 17.610409 -5.305300
v -21.711075 20.304508 -6.775300
v -22.119774 17.613308 -6.873300
v -22.802475 17.474409 -6.888800
v -22.802874 17.473009 -5.298900
v -21.943174 21.299910 -5.418700
v -21.945074 21.300209 -6.745000
v -21.581175 20.619509 -5.399000
v -21.582174 20.620409 -6.762500
v -21.526375 21.668209 -5.431300
v -21.524075 21.670710 -6.725800
v -21.207775 21.057209 -5.413600
v -21.203875 21.060108 -6.741500
v -21.154474 21.925806 -5.440400
v -21.153074 21.927307 -6.711200
v -20.925274 21.288109 -5.421600
v -20.924074 21.289608 -6.729300
v -20.740274 22.021206 -5.444600
v -20.738974 22.021906 -6.701500
v -20.678175 21.369410 -5.424900
v -20.679174 21.369808 -6.722700
v -20.259575 21.957808 -5.444201
v -20.261675 21.956507 -6.696199
v -20.467073 21.307409 -5.423700
v -20.467875 21.307508 -6.721499
v -19.858974 21.599909 -5.434600
v -19.850574 21.600708 -6.701799
v -20.346075 21.109409 -5.418000
v -20.350775 21.108309 -6.726399
v -19.630474 21.161009 -5.421900
v -19.628775 21.161209 -6.713300
v -20.295174 20.901709 -5.411800
v -20.296074 20.900808 -6.732600
v -19.602774 20.710209 -5.408200
v -19.601873 20.710209 -6.728200
v -20.308174 20.679409 -5.405000
v -20.309475 20.678308 -6.740399
v -19.582474 20.284510 -5.395300
v -19.579374 20.286108 -6.742300
v -20.363575 20.283810 -5.392700
v -20.362875 20.284208 -6.754700
v -19.765175 20.001209 -5.386000
v -19.761475 20.002609 -6.754800
v -20.208475 20.001209 -5.384600
v -20.204775 20.002810 -6.761800
# 142 positions

vt 0.250200 0.676400
vt 0.250200 0.633900
vt 0.270300 0.633500
vt 0.270300 0.676600
vt 0.000600 0.057400
vt 0.000500 0.000500
vt 0.097000 0.003700
vt 0.097000 0.054100
vt 0.900200 0.369300
vt 0.869700 0.362800
vt 0.857700 0.288800
vt 0.885800 0.273800
vt 0.819400 0.879200
vt 0.819800 0.935100
vt 0.744800 0.933100
vt 0.744500 0.882200
vt 0.445300 0.671100
vt 0.475800 0.664700
vt 0.461400 0.760200
vt 0.433300 0.745200
vt 0.196700 0.006900
vt 0.196700 0.050700
vt 0.816100 0.192800
vt 0.844400 0.182900
vt 0.640200 0.930100
vt 0.639900 0.886200
vt 0.420100 0.851000
vt 0.391800 0.841200
vt 0.290500 0.009600
vt 0.290400 0.047500
vt 0.767800 0.132000
vt 0.786300 0.109300
vt 0.562600 0.928000
vt 0.562300 0.889000
vt 0.362100 0.924700
vt 0.343500 0.902000
vt 0.389200 0.011700
vt 0.389000 0.044600
vt 0.697100 0.083100
vt 0.703600 0.055400
vt 0.476700 0.926000
vt 0.476300 0.891500
vt 0.279500 0.978600
vt 0.272900 0.951000
vt 0.483700 0.012600
vt 0.483400 0.043000
vt 0.614200 0.076900
vt 0.609600 0.045600
vt 0.393600 0.925300
vt 0.393200 0.892700
vt 0.185600 0.988500
vt 0.190100 0.957200
vt 0.557200 0.012600
vt 0.557000 0.042800
vt 0.555300 0.094300
vt 0.538100 0.062900
vt 0.000500 0.462100
vt 0.000800 0.429600
vt 0.062100 0.430600
vt 0.061800 0.463200
vt 0.114100 0.971200
vt 0.131200 0.939900
vt 0.622300 0.012000
vt 0.622000 0.043600
vt 0.504800 0.136500
vt 0.485100 0.100700
vt 0.128000 0.430600
vt 0.127700 0.464900
vt 0.061100 0.933500
vt 0.080600 0.897700
vt 0.702000 0.010800
vt 0.701800 0.045800
vt 0.481600 0.178400
vt 0.440400 0.166700
vt 0.175800 0.429900
vt 0.175500 0.466500
vt 0.016300 0.867500
vt 0.057400 0.855800
vt 0.783500 0.009200
vt 0.783200 0.049100
vt 0.478500 0.241300
vt 0.424700 0.246800
vt 0.238800 0.428200
vt 0.238500 0.468800
vt 0.000500 0.787600
vt 0.054300 0.792900
vt 0.853000 0.007900
vt 0.852600 0.052500
vt 0.486800 0.282600
vt 0.440800 0.314400
vt 0.280800 0.426900
vt 0.280500 0.470300
vt 0.016400 0.719900
vt 0.062500 0.751700
vt 0.917300 0.007200
vt 0.916900 0.055400
vt 0.513900 0.316900
vt 0.488700 0.357300
vt 0.324500 0.425500
vt 0.324200 0.471600
vt 0.064300 0.677000
vt 0.089500 0.717400
vt 0.989300 0.007600
vt 0.988800 0.057500
vt 0.548000 0.328000
vt 0.560500 0.361900
vt 0.360300 0.424700
vt 0.360000 0.472200
vt 0.136100 0.672400
vt 0.123600 0.706200
vt 0.208100 0.533300
vt 0.209200 0.483400
vt 0.261500 0.485400
vt 0.260400 0.534100
vt 0.572700 0.309700
vt 0.601900 0.329800
vt 0.775700 0.318400
vt 0.775700 0.365900
vt 0.744900 0.365600
vt 0.744900 0.318800
vt 0.177500 0.704400
vt 0.148400 0.724500
vt 0.299700 0.487300
vt 0.298600 0.533900
vt 0.587700 0.292200
vt 0.614800 0.293900
vt 0.721900 0.365300
vt 0.721900 0.319300
vt 0.190400 0.740300
vt 0.163400 0.742000
vt 0.332100 0.489000
vt 0.331100 0.533400
vt 0.581000 0.268400
vt 0.605100 0.262800
vt 0.249700 0.633500
vt 0.249700 0.679400
vt 0.225000 0.678500
vt 0.224900 0.634200
vt 0.362100 0.490500
vt 0.361100 0.532900
vt 0.573200 0.252800
vt 0.587500 0.238500
vt 0.207600 0.677900
vt 0.207500 0.634700
vt 0.156700 0.765800
vt 0.180800 0.771400
vt 0.163200 0.795700
vt 0.148900 0.781400
vt 0.876000 0.443100
vt 0.907100 0.449400
vt 0.900400 0.937300
vt 0.899900 0.876100
vt 0.482900 0.584400
vt 0.451800 0.590800
vt 0.000500 0.626800
vt 0.001300 0.564700
vt 0.037300 0.565300
vt 0.038900 0.627700
vt 0.755000 0.259900
vt 0.756300 0.316800
vt 0.741200 0.317200
vt 0.741400 0.260300
vt 0.913400 0.366200
vt 0.942100 0.441300
vt 0.520400 0.592600
vt 0.490300 0.668600
vt 0.068300 0.566000
vt 0.070600 0.627100
vt 0.714300 0.317800
vt 0.714200 0.261300
vt 0.936900 0.352500
vt 0.961700 0.417100
vt 0.539600 0.617900
vt 0.513600 0.682200
vt 0.103800 0.566700
vt 0.105800 0.625900
vt 0.687500 0.317900
vt 0.687200 0.262500
vt 0.952900 0.330700
vt 0.973100 0.383600
vt 0.550600 0.651300
vt 0.529400 0.703900
vt 0.133400 0.567200
vt 0.134300 0.624700
vt 0.666700 0.317900
vt 0.666300 0.263500
vt 0.962900 0.312200
vt 0.979500 0.354600
vt 0.556500 0.679200
vt 0.539200 0.722200
vt 0.157900 0.567700
vt 0.159400 0.623600
vt 0.650700 0.317900
vt 0.650000 0.264300
vt 0.970300 0.297800
vt 0.982800 0.330300
vt 0.559400 0.704200
vt 0.546400 0.736600
vt 0.180900 0.568100
vt 0.182200 0.622500
vt 0.638000 0.317900
vt 0.637200 0.265000
vt 0.975100 0.285800
vt 0.983300 0.307300
vt 0.559600 0.727000
vt 0.550900 0.748400
vt 0.204000 0.568300
vt 0.205200 0.621200
vt 0.857300 0.479900
vt 0.875900 0.602800
vt 0.082000 0.553000
vt 0.080800 0.489800
vt 0.204900 0.483400
vt 0.206200 0.554900
vt 0.433000 0.553900
vt 0.451700 0.431100
vt 0.963600 0.059500
vt 0.963500 0.121700
vt 0.803900 0.127200
vt 0.803900 0.054700
vt 0.907100 0.609100
vt 0.482800 0.424700
vt 0.344200 0.999500
vt 0.343500 0.938300
vt 0.355300 0.938500
vt 0.355900 0.999000
vt 0.851400 0.465600
vt 0.867900 0.434500
vt 0.066500 0.552700
vt 0.065200 0.490500
vt 0.443700 0.599300
vt 0.427200 0.568300
vt 0.380700 0.938800
vt 0.381500 0.997800
vt 0.834400 0.445600
vt 0.848900 0.417700
vt 0.040000 0.552300
vt 0.039000 0.491700
vt 0.424500 0.616200
vt 0.409900 0.588400
vt 0.401300 0.939000
vt 0.402000 0.996900
vt 0.821500 0.435000
vt 0.832000 0.406000
vt 0.023500 0.552000
vt 0.022400 0.492400
vt 0.407600 0.627900
vt 0.397100 0.598900
vt 0.420700 0.938900
vt 0.421400 0.996300
vt 0.810200 0.431300
vt 0.813100 0.401600
vt 0.011800 0.552000
vt 0.010500 0.492800
vt 0.388700 0.632300
vt 0.386000 0.602500
vt 0.442800 0.938700
vt 0.443400 0.995800
vt 0.800600 0.434100
vt 0.791200 0.404500
vt 0.001700 0.552100
vt 0.000500 0.492900
vt 0.366900 0.629300
vt 0.376300 0.599700
vt 0.467300 0.938000
vt 0.468200 0.995800
vt 0.795100 0.443200
vt 0.772900 0.420800
vt 0.700600 0.320200
vt 0.700500 0.379400
vt 0.690000 0.379600
vt 0.690000 0.319900
vt 0.348200 0.613100
vt 0.371000 0.590600
vt 0.489800 0.937100
vt 0.490600 0.996000
vt 0.792800 0.452600
vt 0.762500 0.440800
vt 0.680200 0.379900
vt 0.680300 0.319600
vt 0.338100 0.593000
vt 0.368500 0.581100
vt 0.510400 0.936200
vt 0.511200 0.996400
vt 0.793400 0.462800
vt 0.761200 0.461400
vt 0.670000 0.380200
vt 0.670100 0.319300
vt 0.336900 0.572400
vt 0.369100 0.571000
vt 0.529900 0.935400
vt 0.530600 0.996800
vt 0.795900 0.480800
vt 0.760300 0.480800
vt 0.651900 0.380800
vt 0.651900 0.318700
vt 0.335800 0.553100
vt 0.371600 0.553000
vt 0.545200 0.934700
vt 0.546000 0.997200
vt 0.788800 0.493700
vt 0.768600 0.493700
vt 0.637200 0.381200
vt 0.637200 0.318400
vt 0.344100 0.540100
vt 0.364400 0.540100
vt 0.701200 0.318400
vt 0.721400 0.318400
vt 0.721300 0.381200
vt 0.701100 0.380800
# 310 texture coordinates

vn 0.707959 0.706250 -0.002072
vn -0.988811 0.149168 -0.001589
vn -0.958725 0.284334 -0.001104
vn -0.958725 0.284334 -0.001104
vn 0.003240 0.030564 0.999528
vn 0.992852 -0.119346 0.001148
vn 0.992852 -0.119346 0.001148
vn 0.959854 -0.280496 0.001315
vn 0.959854 -0.280496 0.001315
vn 0.015758 0.034010 -0.999297
vn -0.854060 0.520174 -0.000182
vn -0.854060 0.520174 -0.000182
vn 0.857594 -0.514327 0.000266
vn 0.857594 -0.514327 0.000266
vn -0.674876 0.737931 0.000252
vn -0.674876 0.737931 0.000252
vn 0.683718 -0.729747 -0.000126
vn 0.683718 -0.729747 -0.000126
vn -0.334563 0.942373 -0.000732
vn -0.334563 0.942373 -0.000732
vn 0.334013 -0.942568 0.000757
vn 0.334013 -0.942568 0.000757
vn 0.066083 0.997809 -0.003224
vn 0.066083 0.997809 -0.003224
vn -0.105331 -0.994433 0.002850
vn -0.105331 -0.994433 0.002850
vn 0.414365 0.910094 -0.005581
vn 0.414365 0.910094 -0.005581
vn -0.470217 -0.882538 0.004711
vn -0.470217 -0.882538 0.004711
vn 0.714556 0.699552 -0.006168
vn 0.714556 0.699552 -0.006168
vn -0.770466 -0.637461 0.005057
vn -0.770466 -0.637461 0.005057
vn 0.922671 0.385557 -0.004931
vn 0.922671 0.385557 -0.004931
vn -0.961568 -0.274541 0.003908
vn -0.961568 -0.274541 0.003908
vn 0.999829 -0.018295 -0.002635
vn 0.999829 -0.018295 -0.002635
vn -0.997359 0.072597 0.002171
vn -0.997359 0.072597 0.002171
vn 0.859997 -0.510299 -0.000312
vn 0.859997 -0.510299 -0.000312
vn -0.907998 0.418975 0.000696
vn -0.907998 0.418975 0.000696
vn 0.387286 -0.921959 0.001037
vn 0.387286 -0.921959 0.001037
vn -0.572186 0.820123 -0.000573
vn -0.572186 0.820123 -0.000573
vn 0.064123 -0.997941 0.001215
vn -0.310813 0.950471 -0.001009
vn -0.612016 -0.790845 0.000885
vn -0.808671 -0.588260 0.000846
vn -0.808671 -0.588260 0.000846
vn 0.594468 0.804118 -0.001354
vn 0.680178 0.733045 -0.001355
vn 0.680178 0.733045 -0.001355
vn -0.999748 -0.022416 0.000711
vn -0.999748 -0.022416 0.000711
vn 0.757456 0.652885 -0.001340
vn -0.894255 0.447557 0.000473
vn -0.894255 0.447557 0.000473
vn 0.962352 -0.271804 -0.000705
vn 0.933261 -0.359198 -0.000639
vn 0.933261 -0.359198 -0.000639
vn -0.809629 0.586942 0.000324
vn 0.896253 -0.443544 -0.000568
vn 0.996874 -0.079007 0.000347
vn -0.219313 -0.975643 0.004827
vn -0.534328 -0.845138 0.015324
vn -0.534328 -0.845138 0.015324
vn 0.244364 0.969657 0.007227
vn 0.377359 0.926051 0.005407
vn 0.377359 0.926051 0.005407
vn -0.880146 -0.474052 0.024845
vn -0.880146 -0.474052 0.024845
vn 0.669749 0.742587 -0.000785
vn 0.669749 0.742587 -0.000785
vn -0.963999 -0.264778 0.024466
vn -0.963999 -0.264778 0.024466
vn 0.846335 0.532626 -0.005185
vn 0.846335 0.532626 -0.005185
vn -0.985497 -0.168316 0.021591
vn -0.985497 -0.168316 0.021591
vn 0.885974 0.463716 -0.004251
vn 0.885974 0.463716 -0.004251
vn -0.997385 -0.070456 0.016083
vn -0.997385 -0.070456 0.016083
vn 0.911954 0.410286 -0.002248
vn 0.911954 0.410286 -0.002248
vn -0.983801 0.178937 0.010854
vn -0.983801 0.178937 0.010854
vn 0.930690 0.365807 -0.001319
vn -0.930549 0.366071 0.008401
vn 0.963769 -0.266740 -0.000274
vn 0.963769 -0.266740 -0.000274
vn 0.988684 -0.150016 -0.000124
vn -1.000000 -0.000357 0.000170
vn -0.728382 0.685170 0.001527
vn -0.695650 0.718380 0.001115
vn -0.695650 0.718380 0.001115
vn 0.853093 -0.521760 -0.000264
vn 0.853093 -0.521760 -0.000264
vn -0.616322 0.787494 0.000582
vn -0.616322 0.787494 0.000582
vn 0.699177 -0.714949 -0.000083
vn 0.699177 -0.714949 -0.000083
vn -0.403613 0.914930 0.000546
vn -0.403613 0.914930 0.000546
vn 0.480857 -0.876799 -0.000373
vn 0.480857 -0.876799 -0.000373
vn -0.045905 0.998946 0.000168
vn -0.045905 0.998946 0.000168
vn 0.015492 -0.999880 -0.000344
vn 0.015492 -0.999880 -0.000344
vn 0.414541 0.910030 0.000638
vn 0.414541 0.910030 0.000638
vn -0.282301 -0.959326 0.000012
vn 0.788984 0.614408 0.002643
vn 0.788984 0.614408 0.002643
vn -0.857704 -0.514140 0.002008
vn -0.923174 -0.384376 0.002153
vn -0.923174 -0.384376 0.002153
vn 0.964540 0.263926 0.002395
vn -0.995500 -0.094745 0.001535
vn -0.995500 -0.094745 0.001535
vn 0.998465 0.055367 0.001263
vn -0.995192 0.097941 0.000484
vn -0.995192 0.097941 0.000484
vn 0.966188 -0.257835 0.001594
vn 0.966188 -0.257835 0.001594
vn -0.982935 -0.183950 -0.000829
vn -0.982935 -0.183950 -0.000829
vn 0.840883 -0.541215 0.001508
vn -0.874242 -0.485487 -0.001759
vn -0.000219 -0.999999 -0.001093
# 137 normals

usemtl 555
f 173/381/182 174/382/182 175/383/182 176/384/182
f 177/385/183 178/386/183 179/387/184 180/388/185
f 178/389/186 181/390/186 182/391/186 179/392/186
f 181/393/187 183/394/188 184/395/189 182/396/190
f 183/397/191 177/398/191 180/399/191 184/400/191
f 180/388/185 179/387/184 185/401/192 186/402/193
f 179/392/186 182/391/186 187/403/186 185/404/186
f 182/396/190 184/395/189 188/405/194 187/406/195
f 184/400/191 180/399/191 186/407/191 188/408/191
f 186/402/193 185/401/192 189/409/196 190/410/197
f 185/404/186 187/403/186 191/411/186 189/412/186
f 187/406/195 188/405/194 192/413/198 191/414/199
f 188/408/191 186/407/191 190/415/191 192/416/191
f 190/410/197 189/409/196 193/417/200 194/418/201
f 189/412/186 191/411/186 195/419/186 193/420/186
f 191/414/199 192/413/198 196/421/202 195/422/203
f 192/416/191 190/415/191 194/423/191 196/424/191
f 194/418/201 193/417/200 197/425/204 198/426/205
f 193/420/186 195/419/186 199/427/186 197/428/186
f 195/422/203 196/421/202 200/429/206 199/430/207
f 196/424/191 194/423/191 198/431/191 200/432/191
f 198/426/205 197/425/204 201/433/208 202/434/209
f 197/428/186 199/427/186 203/435/186 201/436/186
f 199/437/207 200/438/206 204/439/210 203/440/211
f 200/432/191 198/431/191 202/441/191 204/442/191
f 202/434/209 201/433/208 205/443/212 206/444/213
f 201/436/186 203/435/186 207/445/186 205/446/186
f 203/440/211 204/439/210 208/447/214 207/448/215
f 204/442/191 202/441/191 206/449/191 208/450/191
f 206/444/213 205/443/212 209/451/216 210/452/217
f 205/446/186 207/445/186 211/453/186 209/454/186
f 207/448/215 208/447/214 212/455/218 211/456/219
f 208/450/191 206/449/191 210/457/191 212/458/191
f 210/452/217 209/451/216 213/459/220 214/460/221
f 209/454/186 211/453/186 215/461/186 213/462/186
f 211/456/219 212/455/218 216/463/222 215/464/223
f 212/458/191 210/457/191 214/465/191 216/466/191
f 214/460/221 213/459/220 217/467/224 218/468/225
f 213/462/186 215/461/186 219/469/186 217/470/186
f 215/464/223 216/463/222 220/471/226 219/472/227
f 216/466/191 214/465/191 218/473/191 220/474/191
f 218/468/225 217/467/224 221/475/228 222/476/229
f 217/470/186 219/469/186 223/477/186 221/478/186
f 219/472/227 220/471/226 224/479/230 223/480/231
f 220/474/191 218/473/191 222/481/191 224/482/191
f 222/476/229 221/475/228 225/483/232 226/484/232
f 221/478/186 223/477/186 227/485/186 225/486/186
f 223/480/231 224/479/230 228/487/233 227/488/233
f 224/482/191 222/481/191 226/489/191 228/490/191
f 226/491/234 225/492/234 229/493/235 230/494/236
f 225/486/186 227/485/186 231/495/186 229/496/186
f 227/497/237 228/498/237 232/499/238 231/500/239
f 228/490/191 226/489/191 230/501/191 232/502/191
f 230/494/236 229/493/235 233/503/240 234/504/241
f 229/496/186 231/495/186 235/505/186 233/506/186
f 231/500/239 232/499/238 236/507/242 235/508/242
f 232/502/191 230/501/191 234/509/191 236/510/191
f 234/504/241 233/503/240 237/511/243 238/512/244
f 233/506/186 235/505/186 239/513/186 237/514/186
f 235/515/245 236/516/245 240/517/246 239/518/247
f 238/512/244 237/511/243 174/519/248 173/520/248
f 237/514/186 239/513/186 175/521/186 174/522/186
f 239/518/247 240/517/246 176/523/249 175/524/249
f 240/525/191 238/526/191 173/527/191 176/528/191
f 241/529/186 181/390/186 178/389/186 242/530/186
f 243/531/250 183/394/188 181/393/187 241/532/250
f 244/533/191 177/398/191 183/397/191 243/534/191
f 234/509/191 238/526/191 240/525/191 236/510/191
f 244/535/251 242/536/251 245/537/252 246/538/253
f 178/539/254 177/540/254 247/541/255 248/542/256
f 242/530/186 178/389/186 248/543/186 245/544/186
f 177/398/191 244/533/191 246/545/191 247/546/191
f 246/538/253 245/537/252 249/547/257 250/548/258
f 248/542/256 247/541/255 251/549/259 252/550/260
f 245/544/186 248/543/186 252/551/186 249/552/186
f 247/546/191 246/545/191 250/553/191 251/554/191
f 250/548/258 249/547/257 253/555/261 254/556/262
f 252/550/260 251/549/259 255/557/263 256/558/264
f 249/552/186 252/551/186 256/559/186 253/560/186
f 251/554/191 250/553/191 254/561/191 255/562/191
f 254/556/262 253/555/261 257/563/265 258/564/266
f 256/558/264 255/557/263 259/565/267 260/566/268
f 253/560/186 256/559/186 260/567/186 257/568/186
f 255/562/191 254/561/191 258/569/191 259/570/191
f 258/564/266 257/563/265 261/571/269 262/572/270
f 260/566/268 259/565/267 263/573/271 264/574/272
f 257/568/186 260/567/186 264/575/186 261/576/186
f 259/570/191 258/569/191 262/577/191 263/578/191
f 262/572/270 261/571/269 265/579/273 266/580/274
f 264/574/272 263/573/271 267/581/275 268/582/275
f 261/576/186 264/575/186 268/583/186 265/584/186
f 263/578/191 262/577/191 266/585/191 267/586/191
f 265/579/273 268/587/276 267/588/276 266/580/274
f 269/589/186 241/529/186 270/590/186
f 271/591/277 269/592/278 270/593/279 272/594/279
f 243/534/191 271/595/191 272/596/191
f 242/597/280 244/598/280 273/599/280 274/600/280
f 241/529/186 242/530/186 274/601/186 270/590/186
f 244/533/191 243/534/191 272/596/191 273/602/191
f 243/603/281 241/604/281 275/605/282 276/606/283
f 241/529/186 269/589/186 277/607/186 275/608/186
f 269/592/278 271/591/277 278/609/284 277/610/285
f 271/595/191 243/534/191 276/611/191 278/612/191
f 276/606/283 275/605/282 279/613/286 280/614/287
f 275/608/186 277/607/186 281/615/186 279/616/186
f 277/610/285 278/609/284 282/617/288 281/618/289
f 278/612/191 276/611/191 280/619/191 282/620/191
f 280/614/287 279/613/286 283/621/290 284/622/291
f 279/616/186 281/615/186 285/623/186 283/624/186
f 281/618/289 282/617/288 286/625/292 285/626/293
f 282/620/191 280/619/191 284/627/191 286/628/191
f 284/622/291 283/621/290 287/629/294 288/630/295
f 283/624/186 285/623/186 289/631/186 287/632/186
f 285/626/293 286/625/292 290/633/296 289/634/297
f 286/628/191 284/627/191 288/635/191 290/636/191
f 288/630/295 287/629/294 291/637/298 292/638/299
f 287/632/186 289/631/186 293/639/186 291/640/186
f 289/634/297 290/633/296 294/641/300 293/642/300
f 290/636/191 288/635/191 292/643/191 294/644/191
f 292/638/299 291/637/298 295/645/301 296/646/302
f 291/640/186 293/639/186 297/647/186 295/648/186
f 293/649/303 294/650/303 298/651/304 297/652/305
f 294/644/191 292/643/191 296/653/191 298/654/191
f 296/646/302 295/645/301 299/655/306 300/656/306
f 295/648/186 297/647/186 301/657/186 299/658/186
f 297/652/305 298/651/304 302/659/307 301/660/308
f 298/654/191 296/653/191 300/661/191 302/662/191
f 300/656/306 299/655/306 303/663/309 304/664/309
f 299/658/186 301/657/186 305/665/186 303/666/186
f 301/660/308 302/659/307 306/667/310 305/668/311
f 302/662/191 300/661/191 304/669/191 306/670/191
f 304/664/309 303/663/309 307/671/312 308/672/313
f 303/666/186 305/665/186 309/673/186 307/674/186
f 305/668/311 306/667/310 310/675/314 309/676/315
f 306/670/191 304/669/191 308/677/191 310/678/191
f 308/672/313 307/671/312 311/679/316 312/680/316
f 307/674/186 309/673/186 313/681/186 311/682/186
f 309/676/315 310/675/314 314/683/317 313/684/317
f 310/678/191 308/677/191 312/685/191 314/686/191
f 311/687/318 313/688/318 314/689/318 312/690/318

g Box001

v -16.131861 14.214881 -7.130400
v -15.829062 14.214881 -7.134300
v -15.825260 14.214881 -6.840200
v -16.128061 14.214881 -6.836300
v -15.758760 21.772881 -6.747100
v -15.756161 21.772881 -6.548000
v -15.529560 21.772881 -6.550900
v -15.532162 21.772881 -6.750000
v -16.232361 15.406880 -6.912000
v -16.236561 15.406880 -7.231500
v -16.100660 14.214881 -4.715500
v -15.797960 14.214881 -4.719400
v -15.873960 15.406880 -4.613400
v -16.202761 15.406880 -4.609200
v -13.685760 14.214881 -4.746600
v -13.689861 14.214881 -5.063800
v -13.584862 15.406880 -4.987400
v -13.580462 15.406880 -4.642900
v -13.716862 14.214881 -7.161500
v -14.025061 14.214881 -7.157600
v -13.948862 15.406880 -7.260900
v -13.614262 15.406880 -7.265200
v -15.737661 21.564480 -5.112600
v -15.737661 21.772881 -5.112600
v -15.740461 21.772881 -5.327300
v -15.740461 21.564480 -5.327300
v -14.058962 21.564480 -5.134300
v -14.058962 21.772881 -5.134300
v -14.290062 21.772881 -5.131300
v -14.273161 21.564480 -5.131500
v -14.079962 21.564480 -6.768700
v -14.079962 21.772881 -6.768700
v -14.077461 21.772881 -6.569600
v -14.077461 21.564480 -6.569600
v -15.758760 21.564480 -6.747100
v -15.548262 21.564480 -6.749800
v -16.627060 20.556881 -4.171200
v -16.632961 20.556881 -4.628700
v -13.143961 20.556881 -4.216100
v -13.588461 20.556881 -4.210400
v -13.188862 20.556881 -7.699200
v -13.183361 20.556881 -7.275000
v -16.671961 20.556881 -7.654300
v -16.235260 20.556881 -7.660000
v -16.627060 20.202780 -4.171200
v -16.632961 20.202780 -4.628700
v -13.143961 20.202780 -4.216100
v -13.588461 20.202780 -4.210400
v -13.188862 20.202780 -7.699200
v -13.183361 20.202780 -7.275000
v -16.671961 20.202780 -7.654300
v -16.235260 20.202780 -7.660000
v -16.207161 15.406880 -4.953600
v -13.915062 15.406880 -4.638600
v -13.610062 15.406880 -6.945800
v -15.907761 15.406880 -7.235700
v -13.713060 14.214881 -6.867400
v -13.997961 14.214881 -5.059800
v -14.021261 14.214881 -6.863400
v -15.513861 21.772881 -5.330200
v -16.104761 14.214881 -5.032700
v -15.756161 21.564480 -6.548000
v -14.061661 21.772881 -5.349000
v -14.061661 21.564480 -5.349000
v -16.666561 20.556881 -7.230100
v -13.149860 20.556881 -4.673600
v -16.666561 20.202780 -7.230100
v -13.149860 20.202780 -4.673600
v -13.993862 14.214881 -4.742600
v -15.511061 21.772881 -5.115600
v -14.308561 21.772881 -6.566600
v -14.311161 21.772881 -6.765700
v -15.527161 21.564480 -5.115300
v -14.294161 21.564480 -6.766000
v -16.190361 20.556881 -4.176800
v -13.633362 20.556881 -7.693500
v -16.190361 20.202780 -4.176800
v -13.633362 20.202780 -7.693500
v -15.802061 14.214881 -5.036600
v -14.292862 21.772881 -5.346000
v -13.802961 15.514681 -6.859200
v -13.779861 15.514681 -5.069100
v -13.392160 20.131281 -7.176000
v -13.361162 20.131281 -4.767100
v -16.037361 15.514581 -6.830400
v -16.455261 20.131180 -7.136500
v -16.014261 15.514581 -5.040300
v -16.424261 20.131180 -4.727600
v -14.001760 15.514681 -4.831400
v -15.792261 15.514681 -4.808400
v -13.687361 20.131281 -4.419200
v -16.096861 20.131281 -4.388100
v -14.030561 15.514581 -7.065900
v -13.726761 20.131180 -7.482200
v -15.821060 15.514581 -7.042800
v -16.136360 20.131180 -7.451200
v -14.899755 22.361780 -5.909600
v -14.779255 22.344481 -5.911200
v -14.784555 22.344481 -5.945000
v -14.799155 22.344481 -5.976000
v -14.821956 22.344481 -6.001700
v -14.851055 22.344481 -6.019800
v -14.884055 22.344481 -6.029100
v -14.918355 22.344481 -6.028600
v -14.951156 22.344481 -6.018600
v -14.979755 22.344481 -5.999600
v -15.001855 22.344481 -5.973400
v -15.015756 22.344481 -5.942100
v -15.020155 22.344481 -5.908100
v -15.014855 22.344481 -5.874200
v -15.000256 22.344481 -5.843200
v -14.977455 22.344481 -5.817500
v -14.948356 22.344481 -5.799400
v -14.915356 22.344481 -5.790100
v -14.881056 22.344481 -5.790600
v -14.848255 22.344481 -5.800700
v -14.819655 22.344481 -5.819600
v -14.797555 22.344481 -5.845800
v -14.783655 22.344481 -5.877200
v -14.668555 22.293880 -5.912600
v -14.678756 22.293880 -5.977600
v -14.706856 22.293880 -6.037100
v -14.750555 22.293880 -6.086300
v -14.806355 22.293880 -6.121100
v -14.869756 22.293880 -6.138900
v -14.935555 22.293880 -6.138000
v -14.998455 22.293880 -6.118700
v -15.053355 22.293880 -6.082400
v -15.095756 22.293880 -6.032100
v -15.122355 22.293880 -5.971900
v -15.130856 22.293880 -5.906600
v -15.120655 22.293880 -5.841600
v -15.092555 22.293880 -5.782100
v -15.048856 22.293880 -5.732900
v -14.993055 22.293880 -5.698100
v -14.929655 22.293880 -5.680400
v -14.863855 22.293880 -5.681200
v -14.800956 22.293880 -5.700600
v -14.746056 22.293880 -5.736800
v -14.703655 22.293880 -5.787100
v -14.677055 22.293880 -5.847300
v -14.576555 22.214180 -5.913800
v -14.590856 22.214180 -6.004700
v -14.630055 22.214180 -6.087800
v -14.691256 22.214180 -6.156600
v -14.769256 22.214180 -6.205300
v -14.857856 22.214180 -6.230100
v -14.949856 22.214180 -6.228900
v -15.037755 22.214180 -6.201800
v -15.114455 22.214180 -6.151100
v -15.173857 22.214180 -6.080800
v -15.210955 22.214180 -5.996700
v -15.222855 22.214180 -5.905400
v -15.208654 22.214180 -5.814600
v -15.169355 22.214180 -5.731400
v -15.108155 22.214180 -5.662700
v -15.030155 22.214180 -5.613900
v -14.941555 22.214180 -5.589100
v -14.849555 22.214180 -5.590300
v -14.761656 22.214180 -5.617400
v -14.684956 22.214180 -5.668100
v -14.625555 22.214180 -5.738400
v -14.588455 22.214180 -5.822600
v -14.510756 22.111780 -5.914600
v -14.527955 22.111780 -6.024000
v -14.575155 22.111780 -6.124100
v -14.648755 22.111780 -6.206900
v -14.742656 22.111780 -6.265500
v -14.849356 22.111780 -6.295300
v -14.960055 22.111780 -6.293900
v -15.065855 22.111780 -6.261300
v -15.158255 22.111780 -6.200300
v -15.229656 22.111780 -6.115700
v -15.274355 22.111780 -6.014400
v -15.288656 22.111780 -5.904600
v -15.271555 22.111780 -5.795200
v -15.224255 22.111780 -5.695100
v -15.150656 22.111780 -5.612400
v -15.056755 22.111780 -5.553700
v -14.950055 22.111780 -5.523900
v -14.839355 22.111780 -5.525300
v -14.733556 22.111780 -5.557900
v -14.641155 22.111780 -5.618900
v -14.569756 22.111780 -5.703500
v -14.525055 22.111780 -5.804800
v -14.476456 21.994980 -5.915100
v -14.495155 21.994980 -6.034100
v -14.546556 21.994980 -6.143000
v -14.626656 21.994980 -6.233100
v -14.728855 21.994980 -6.296900
v -14.844855 21.994980 -6.329300
v -14.965355 21.994980 -6.327800
v -15.080456 21.994980 -6.292400
v -15.181055 21.994980 -6.225900
v -15.258755 21.994980 -6.133900
v -15.307356 21.994980 -6.023600
v -15.322956 21.994980 -5.904200
v -15.304255 21.994980 -5.785100
v -15.252855 21.994980 -5.676200
v -15.172754 21.994980 -5.586200
v -15.070556 21.994980 -5.522300
v -14.954556 21.994980 -5.489900
v -14.834055 21.994980 -5.491400
v -14.718955 21.994980 -5.526900
v -14.618455 21.994980 -5.593300
v -14.540655 21.994980 -5.685400
v -14.492055 21.994980 -5.795600
v -14.476456 21.873281 -5.915100
v -14.495155 21.873281 -6.034100
v -14.546556 21.873281 -6.143000
v -14.626656 21.873281 -6.233100
v -14.728855 21.873281 -6.296900
v -14.844855 21.873281 -6.329300
v -14.965355 21.873281 -6.327800
v -15.080456 21.873281 -6.292400
v -15.181055 21.873281 -6.225900
v -15.258755 21.873281 -6.133900
v -15.307356 21.873281 -6.023600
v -15.322956 21.873281 -5.904200
v -15.304255 21.873281 -5.785100
v -15.252855 21.873281 -5.676200
v -15.172754 21.873281 -5.586200
v -15.070556 21.873281 -5.522300
v -14.954556 21.873281 -5.489900
v -14.834055 21.873281 -5.491400
v -14.718955 21.873281 -5.526900
v -14.618455 21.873281 -5.593300
v -14.540655 21.873281 -5.685400
v -14.492055 21.873281 -5.795600
v -14.510756 21.756481 -5.914600
v -14.527955 21.756481 -6.024000
v -14.575155 21.756481 -6.124100
v -14.648755 21.756481 -6.206900
v -14.742656 21.756481 -6.265500
v -14.849356 21.756481 -6.295300
v -14.960055 21.756481 -6.293900
v -15.065855 21.756481 -6.261300
v -15.158255 21.756481 -6.200300
v -15.229656 21.756481 -6.115700
v -15.274355 21.756481 -6.014400
v -15.288656 21.756481 -5.904600
v -15.271555 21.756481 -5.795200
v -15.224255 21.756481 -5.695100
v -15.150656 21.756481 -5.612400
v -15.056755 21.756481 -5.553700
v -14.950055 21.756481 -5.523900
v -14.839355 21.756481 -5.525300
v -14.733556 21.756481 -5.557900
v -14.641155 21.756481 -5.618900
v -14.569756 21.756481 -5.703500
v -14.525055 21.756481 -5.804800
v -14.854655 24.086380 -5.910200
v -14.908956 24.073580 -5.909500
v -14.906256 24.039280 -5.648600
v -14.851955 24.051580 -5.645700
v -14.949555 24.035381 -5.908900
v -14.946956 24.002380 -5.658200
v -14.965555 23.981981 -5.908600
v -14.963156 23.950880 -5.671900
v -14.952755 23.927780 -5.908800
v -14.950456 23.898380 -5.686100
v -14.914556 23.887180 -5.909400
v -14.912355 23.859180 -5.696800
v -14.861156 23.871080 -5.910100
v -14.858955 23.843580 -5.701300
v -14.806955 23.883881 -5.910900
v -14.804655 23.855980 -5.698400
v -14.766356 23.922081 -5.911500
v -14.764055 23.892780 -5.688700
v -14.750256 23.975481 -5.911700
v -14.747855 23.944380 -5.675000
v -14.763056 24.029781 -5.911600
v -14.760455 23.996780 -5.660900
v -14.801355 24.070381 -5.911000
v -14.798555 24.036081 -5.650200
v -14.905755 23.938681 -5.405500
v -14.851456 23.949480 -5.399100
v -14.946455 23.905680 -5.424600
v -14.962655 23.859480 -5.451300
v -14.950055 23.812481 -5.478400
v -14.911955 23.777180 -5.498700
v -14.858655 23.763081 -5.506700
v -14.804356 23.773880 -5.500200
v -14.763656 23.806881 -5.481100
v -14.747355 23.853081 -5.454400
v -14.760056 23.900080 -5.427300
v -14.798156 23.935381 -5.407100
v -14.907556 23.778580 -5.196700
v -14.853255 23.787081 -5.187300
v -14.948256 23.751881 -5.224000
v -14.964355 23.714281 -5.261900
v -14.951555 23.675781 -5.300100
v -14.913455 23.646681 -5.328600
v -14.860055 23.634880 -5.339500
v -14.805756 23.643480 -5.330100
v -14.765156 23.670080 -5.302800
v -14.749055 23.707781 -5.265000
v -14.761755 23.746281 -5.226700
v -14.799955 23.775280 -5.198300
v -14.911555 23.569881 -5.036500
v -14.857355 23.575481 -5.024700
v -14.952055 23.551380 -5.070000
v -14.967956 23.524881 -5.116400
v -14.954955 23.497581 -5.163300
v -14.916656 23.476681 -5.198000
v -14.863256 23.467781 -5.211200
v -14.809055 23.473381 -5.199500
v -14.768556 23.491982 -5.166000
v -14.752655 23.518381 -5.119500
v -14.765555 23.545780 -5.072700
v -14.803855 23.566681 -5.038000
v -14.917356 23.326881 -4.935700
v -14.863256 23.328981 -4.922500
v -14.957655 23.317881 -4.973200
v -14.973255 23.304380 -5.025000
v -14.959955 23.290081 -5.077200
v -14.921455 23.278681 -5.115800
v -14.867955 23.273281 -5.130500
v -14.813755 23.275381 -5.117400
v -14.773556 23.284380 -5.079900
v -14.757956 23.297880 -5.028100
v -14.771255 23.312281 -4.975900
v -14.809755 23.323681 -4.937200
v -14.924755 23.066181 -4.901200
v -14.870755 23.064581 -4.887600
v -14.964755 23.067381 -4.940100
v -14.979956 23.067781 -4.993700
v -14.966255 23.067381 -5.047800
v -14.927455 23.066181 -5.087800
v -14.873856 23.064581 -5.103000
v -14.819756 23.062981 -5.089300
v -14.779856 23.061781 -5.050500
v -14.764655 23.061281 -4.996800
v -14.778255 23.061781 -4.942800
v -14.817155 23.062981 -4.902800
v -14.933055 22.805380 -4.935500
v -14.879155 22.800081 -4.922300
v -14.972755 22.816780 -4.973000
v -14.987455 22.831181 -5.024800
v -14.973355 22.844681 -5.077000
v -14.934256 22.853680 -5.115600
v -14.880455 22.855780 -5.130400
v -14.826555 22.850481 -5.117200
v -14.786955 22.839081 -5.079700
v -14.772156 22.824680 -5.027900
v -14.786255 22.811180 -4.975700
v -14.825456 22.802181 -4.937000
v -14.941855 22.562481 -5.036000
v -14.888056 22.553581 -5.024300
v -14.981155 22.583380 -5.069600
v -14.995456 22.610680 -5.116000
v -14.980855 22.637180 -5.162900
v -14.941356 22.655680 -5.197600
v -14.887555 22.661280 -5.210900
v -14.833755 22.652481 -5.199200
v -14.794456 22.631580 -5.165600
v -14.780155 22.604181 -5.119100
v -14.794755 22.577681 -5.072300
v -14.834255 22.559181 -5.037600
v -14.950456 22.353781 -5.196100
v -14.896755 22.341980 -5.186700
v -14.989355 22.382881 -5.223400
v -15.003255 22.421381 -5.261300
v -14.988256 22.458981 -5.299600
v -14.948356 22.485680 -5.328000
v -14.894356 22.494280 -5.339000
v -14.840755 22.482380 -5.329600
v -14.801755 22.453381 -5.302300
v -14.787955 22.414881 -5.264400
v -14.802956 22.377281 -5.226100
v -14.842755 22.350580 -5.197600
v -14.958256 22.193680 -5.404700
v -14.904756 22.179581 -5.398300
v -14.996955 22.228981 -5.423900
v -15.010355 22.276081 -5.450600
v -14.994855 22.322281 -5.477800
v -14.954756 22.355181 -5.498100
v -14.900656 22.366081 -5.506100
v -14.847156 22.351980 -5.499600
v -14.808455 22.316681 -5.480500
v -14.795055 22.269581 -5.453700
v -14.810455 22.223381 -5.426600
v -14.850656 22.190481 -5.406300
v -14.964755 22.093081 -5.647800
v -14.911355 22.077480 -5.644800
v -15.003156 22.132280 -5.657400
v -15.016255 22.184780 -5.671200
v -15.000455 22.236280 -5.685300
v -14.960055 22.273180 -5.696100
v -14.905855 22.285480 -5.700600
v -14.852455 22.269880 -5.697700
v -14.814055 22.230680 -5.688000
v -14.800956 22.178280 -5.674300
v -14.816755 22.126680 -5.660100
v -14.857156 22.089781 -5.649300
v -14.918956 22.077480 -6.173900
v -14.972355 22.093081 -6.169400
v -14.972755 22.193680 -6.412500
v -14.919456 22.179581 -6.420500
v -15.010455 22.132280 -6.158700
v -15.010856 22.228981 -6.392300
v -15.023055 22.184780 -6.144600
v -15.023556 22.276081 -6.365200
v -15.006855 22.236280 -6.130900
v -15.007256 22.322281 -6.338500
v -14.966155 22.273180 -6.121200
v -14.966556 22.355181 -6.319300
v -14.911856 22.285480 -6.118300
v -14.912255 22.366081 -6.312900
v -14.858556 22.269880 -6.122800
v -14.858955 22.351980 -6.320900
v -14.820456 22.230680 -6.133500
v -14.820855 22.316681 -6.341200
v -14.807755 22.178280 -6.147700
v -14.808255 22.269581 -6.368300
v -14.823956 22.126680 -6.161400
v -14.824455 22.223381 -6.395000
v -14.864655 22.089781 -6.171000
v -14.865155 22.190481 -6.414100
v -14.970955 22.353781 -6.621300
v -14.917655 22.341980 -6.632300
v -15.009155 22.382881 -6.592900
v -15.021855 22.421381 -6.554600
v -15.005755 22.458981 -6.516800
v -14.965156 22.485680 -6.489500
v -14.910855 22.494280 -6.480100
v -14.857455 22.482380 -6.491000
v -14.819355 22.453381 -6.519500
v -14.806556 22.414881 -6.557700
v -14.822656 22.377281 -6.595600
v -14.863356 22.350580 -6.622900
v -14.967055 22.562481 -6.781600
v -14.913555 22.553581 -6.794800
v -15.005355 22.583380 -6.746900
v -15.018255 22.610680 -6.700000
v -15.002356 22.637180 -6.653600
v -14.961855 22.655680 -6.620100
v -14.907656 22.661280 -6.608400
v -14.854256 22.652481 -6.621600
v -14.815955 22.631580 -6.656300
v -14.802956 22.604181 -6.703200
v -14.818855 22.577681 -6.749600
v -14.859355 22.559181 -6.783100
v -14.961155 22.805380 -6.882400
v -14.907656 22.800081 -6.897100
v -14.999656 22.816780 -6.843700
v -15.012956 22.831181 -6.791500
v -14.997355 22.844681 -6.739700
v -14.957055 22.853680 -6.702200
v -14.902955 22.855780 -6.689000
v -14.849455 22.850481 -6.703800
v -14.810955 22.839081 -6.742400
v -14.797655 22.824680 -6.794600
v -14.813255 22.811180 -6.846400
v -14.853456 22.802181 -6.883900
v -14.953755 23.066181 -6.916800
v -14.900155 23.064581 -6.932000
v -14.992656 23.067381 -6.876800
v -15.006255 23.067781 -6.822800
v -14.991055 23.067381 -6.769100
v -14.951156 23.066181 -6.730300
v -14.897056 23.064581 -6.716600
v -14.843455 23.062981 -6.731800
v -14.804655 23.061781 -6.771800
v -14.790956 23.061281 -6.825900
v -14.806155 23.061781 -6.879500
v -14.846155 23.062981 -6.918400
v -14.945456 23.326881 -6.882600
v -14.891755 23.328981 -6.897300
v -14.984655 23.317881 -6.843900
v -14.998655 23.304380 -6.791700
v -14.983955 23.290081 -6.739900
v -14.944355 23.278681 -6.702400
v -14.890355 23.273281 -6.689200
v -14.836656 23.275381 -6.703900
v -14.797555 23.284380 -6.742600
v -14.783455 23.297880 -6.794800
v -14.798156 23.312281 -6.846600
v -14.837855 23.323681 -6.884100
v -14.936655 23.569881 -6.782000
v -14.882855 23.575481 -6.795300
v -14.976155 23.551380 -6.747300
v -14.990755 23.524881 -6.700400
v -14.976456 23.497581 -6.654000
v -14.937156 23.476681 -6.620400
v -14.883355 23.467781 -6.608700
v -14.829556 23.473381 -6.622000
v -14.790055 23.491982 -6.656700
v -14.775455 23.518381 -6.703500
v -14.789756 23.545780 -6.750000
v -14.829056 23.566681 -6.783600
v -14.928056 23.778580 -6.621900
v -14.874155 23.787081 -6.632900
v -14.967956 23.751881 -6.593500
v -14.982955 23.714281 -6.555200
v -14.969155 23.675781 -6.517300
v -14.930156 23.646681 -6.490000
v -14.876555 23.634880 -6.480600
v -14.822556 23.643480 -6.491500
v -14.782656 23.670080 -6.520000
v -14.767655 23.707781 -6.558300
v -14.781455 23.746281 -6.596200
v -14.820456 23.775280 -6.623500
v -14.920256 23.938681 -6.413300
v -14.866156 23.949480 -6.421300
v -14.960455 23.905680 -6.393000
v -14.975856 23.859480 -6.365900
v -14.962456 23.812481 -6.339100
v -14.923756 23.777180 -6.320000
v -14.870255 23.763081 -6.313500
v -14.816155 23.773880 -6.321500
v -14.776055 23.806881 -6.341800
v -14.760555 23.853081 -6.369000
v -14.773955 23.900080 -6.395700
v -14.812655 23.935381 -6.414800
v -14.913755 24.039280 -6.170300
v -14.859555 24.051580 -6.174800
v -14.954155 24.002380 -6.159500
v -14.969955 23.950880 -6.145300
v -14.956856 23.898380 -6.131600
v -14.918455 23.859180 -6.121900
v -14.865055 23.843580 -6.119000
v -14.810855 23.855980 -6.123500
v -14.770455 23.892780 -6.134300
v -14.754655 23.944380 -6.148400
v -14.767655 23.996780 -6.162200
v -14.806055 24.036081 -6.171800
# 527 positions

vt 0.789600 0.600100
vt 0.789600 0.579500
vt 0.809600 0.579500
vt 0.809600 0.600100
vt 0.534600 0.105300
vt 0.548100 0.105300
vt 0.548100 0.120700
vt 0.534600 0.120700
vt 0.513300 0.001100
vt 0.533300 0.001100
vt 0.528100 0.082600
vt 0.506300 0.082600
vt 0.037000 0.001100
vt 0.057700 0.001100
vt 0.052400 0.082600
vt 0.030100 0.082600
vt 0.275500 0.001100
vt 0.297100 0.001100
vt 0.291800 0.082600
vt 0.268400 0.082600
vt 0.751700 0.001100
vt 0.772600 0.001100
vt 0.767400 0.082600
vt 0.744600 0.082600
vt 0.641100 0.083600
vt 0.641100 0.097800
vt 0.626500 0.097800
vt 0.626500 0.083600
vt 0.884700 0.083600
vt 0.884700 0.097800
vt 0.868900 0.097800
vt 0.870100 0.083600
vt 0.169500 0.105300
vt 0.169500 0.119500
vt 0.155900 0.119500
vt 0.155900 0.105300
vt 0.172500 0.335600
vt 0.172500 0.349800
vt 0.157100 0.349800
vt 0.158200 0.335600
vt 0.238200 0.890900
vt 0.174900 0.982900
vt 0.160300 0.982900
vt 0.207100 0.890900
vt 0.465800 0.765200
vt 0.404300 0.858600
vt 0.389700 0.858600
vt 0.435600 0.765200
vt 0.942100 0.765200
vt 0.879600 0.857400
vt 0.866000 0.857400
vt 0.913300 0.765200
vt 0.704000 0.765200
vt 0.642600 0.858100
vt 0.628300 0.858100
vt 0.674200 0.765200
vt 0.714600 0.410400
vt 0.714600 0.434500
vt 0.683400 0.434500
vt 0.683400 0.410400
vt 0.238200 0.410400
vt 0.238200 0.434500
vt 0.208000 0.434500
vt 0.207900 0.410400
vt 0.476400 0.410300
vt 0.476400 0.434500
vt 0.447500 0.434500
vt 0.447500 0.410400
vt 0.952700 0.410300
vt 0.952800 0.434400
vt 0.923000 0.434400
vt 0.923000 0.410300
vt 0.684900 0.082500
vt 0.661400 0.082500
vt 0.208600 0.082500
vt 0.185900 0.082500
vt 0.447000 0.082500
vt 0.425200 0.082500
vt 0.923300 0.082500
vt 0.900900 0.082500
vt 0.809700 0.435600
vt 0.932500 0.435600
vt 0.932500 0.456600
vt 0.809700 0.456600
vt 0.631200 0.105300
vt 0.631200 0.120800
vt 0.656100 0.001000
vt 0.419900 0.001000
vt 0.439900 0.001000
vt 0.543300 0.097800
vt 0.529800 0.097800
vt 0.529800 0.083600
vt 0.543300 0.083600
vt 0.072800 0.119500
vt 0.072800 0.105300
vt 0.077100 0.982900
vt 0.063600 0.982900
vt 0.001000 0.890900
vt 0.029900 0.890900
vt 0.782900 0.857400
vt 0.736100 0.765200
vt 0.506300 0.434600
vt 0.477400 0.434600
vt 0.477400 0.410500
vt 0.506300 0.410500
vt 0.270400 0.434600
vt 0.270300 0.410500
vt 0.954100 0.435600
vt 0.954100 0.456600
vt 0.645900 0.105300
vt 0.645900 0.120800
vt 0.677700 0.001000
vt 0.058200 0.119500
vt 0.058200 0.105300
vt 0.768300 0.857300
vt 0.704900 0.765200
vt 0.239200 0.434600
vt 0.239200 0.410500
vt 0.789600 0.456600
vt 0.789600 0.435600
vt 0.548100 0.203900
vt 0.548100 0.219600
vt 0.534500 0.219600
vt 0.534500 0.203900
vt 0.180500 0.001000
vt 0.201500 0.001000
vt 0.895500 0.001000
vt 0.785800 0.097800
vt 0.784700 0.083600
vt 0.073900 0.349800
vt 0.058200 0.349800
vt 0.058200 0.335700
vt 0.072800 0.335700
vt 0.304300 0.858600
vt 0.258400 0.765200
vt 0.542900 0.858100
vt 0.528300 0.858100
vt 0.466800 0.765200
vt 0.497000 0.765200
vt 0.030800 0.434600
vt 0.030700 0.410500
vt 0.745800 0.434600
vt 0.715600 0.434600
vt 0.715500 0.410500
vt 0.745800 0.410500
vt 0.932500 0.579500
vt 0.631200 0.203900
vt 0.631200 0.219600
vt 0.954100 0.579500
vt 0.645800 0.203900
vt 0.645800 0.219700
vt 0.916200 0.001000
vt 0.770300 0.097800
vt 0.770300 0.083600
vt 0.290000 0.858600
vt 0.228600 0.765200
vt 0.001000 0.434700
vt 0.001000 0.410500
vt 0.932500 0.600100
vt 0.954100 0.600100
vt 0.417300 0.890900
vt 0.550700 0.890900
vt 0.544900 0.906000
vt 0.423000 0.906000
vt 0.032200 0.435600
vt 0.032200 0.764300
vt 0.017100 0.757700
vt 0.017100 0.441300
vt 0.551600 0.890900
vt 0.728800 0.890900
vt 0.722200 0.906000
vt 0.558200 0.906000
vt 0.065200 0.764200
vt 0.065200 0.435600
vt 0.080400 0.441300
vt 0.080400 0.757700
vt 0.049200 0.764200
vt 0.049200 0.435600
vt 0.064300 0.441300
vt 0.064300 0.757700
vt 0.001000 0.983900
vt 0.134400 0.983900
vt 0.128600 0.999000
vt 0.006700 0.999000
vt 0.112500 0.435600
vt 0.112500 0.764200
vt 0.097400 0.757700
vt 0.097400 0.441300
vt 0.416300 0.906000
vt 0.239200 0.906000
vt 0.245700 0.890900
vt 0.409800 0.890900
vt 0.729700 0.890900
vt 0.863100 0.890900
vt 0.857400 0.906000
vt 0.735400 0.906000
vt 0.048200 0.435600
vt 0.048200 0.764300
vt 0.033100 0.757700
vt 0.033100 0.441300
vt 0.803900 0.105300
vt 0.803900 0.282500
vt 0.788800 0.275900
vt 0.788800 0.111800
vt 0.001000 0.764300
vt 0.001000 0.435600
vt 0.016100 0.441300
vt 0.016100 0.757700
vt 0.113400 0.764200
vt 0.113400 0.435600
vt 0.128500 0.441300
vt 0.128500 0.757700
vt 0.135300 0.983900
vt 0.268700 0.983900
vt 0.263000 0.999000
vt 0.141100 0.999000
vt 0.096400 0.435600
vt 0.096400 0.764200
vt 0.081300 0.757700
vt 0.081300 0.441300
vt 0.772700 0.282500
vt 0.772700 0.105300
vt 0.787800 0.111800
vt 0.787800 0.275900
vt 0.591300 0.358500
vt 0.597700 0.352700
vt 0.599000 0.354700
vt 0.599700 0.357000
vt 0.599800 0.359300
vt 0.599300 0.361700
vt 0.598100 0.363800
vt 0.590300 0.358900
vt 0.584600 0.365500
vt 0.583000 0.363600
vt 0.582100 0.361400
vt 0.581800 0.359100
vt 0.582000 0.356700
vt 0.582900 0.354500
vt 0.584300 0.352500
vt 0.792000 0.391900
vt 0.786300 0.385400
vt 0.788400 0.384100
vt 0.790700 0.383500
vt 0.793000 0.383500
vt 0.795400 0.384100
vt 0.797500 0.385300
vt 0.841000 0.391300
vt 0.834200 0.385800
vt 0.836100 0.384200
vt 0.838200 0.383200
vt 0.840500 0.382800
vt 0.842900 0.383000
vt 0.845200 0.383700
vt 0.847200 0.385100
vt 0.604500 0.347300
vt 0.606700 0.351400
vt 0.607800 0.355600
vt 0.608000 0.360000
vt 0.607300 0.364400
vt 0.605500 0.368700
vt 0.578200 0.371600
vt 0.575700 0.367700
vt 0.574200 0.363500
vt 0.573600 0.359300
vt 0.573900 0.355000
vt 0.575200 0.350700
vt 0.577500 0.346600
vt 0.781100 0.378400
vt 0.785200 0.376400
vt 0.789500 0.375300
vt 0.793900 0.375200
vt 0.798300 0.376100
vt 0.802500 0.378000
vt 0.827900 0.379700
vt 0.831700 0.377000
vt 0.835800 0.375400
vt 0.840000 0.374600
vt 0.844300 0.374800
vt 0.848600 0.375900
vt 0.852800 0.378100
vt 0.612000 0.342700
vt 0.614400 0.348600
vt 0.615700 0.354500
vt 0.616000 0.360400
vt 0.615300 0.366400
vt 0.613500 0.372600
vt 0.571000 0.376800
vt 0.568200 0.371000
vt 0.566500 0.365200
vt 0.565900 0.359500
vt 0.566200 0.353700
vt 0.567400 0.347800
vt 0.569800 0.341800
vt 0.776800 0.370900
vt 0.782700 0.368600
vt 0.788600 0.367500
vt 0.794500 0.367300
vt 0.800500 0.368200
vt 0.806600 0.370100
vt 0.822400 0.372700
vt 0.828100 0.369700
vt 0.833800 0.367800
vt 0.839500 0.366900
vt 0.845300 0.367000
vt 0.851200 0.368100
vt 0.857400 0.370300
vt 0.620000 0.339200
vt 0.622200 0.346600
vt 0.623300 0.353600
vt 0.623700 0.360600
vt 0.623200 0.367700
vt 0.621900 0.375200
vt 0.563000 0.381000
vt 0.560500 0.373500
vt 0.559000 0.366500
vt 0.558400 0.359700
vt 0.558600 0.352800
vt 0.559600 0.345800
vt 0.561500 0.338400
vt 0.773400 0.362700
vt 0.780900 0.360800
vt 0.788000 0.359800
vt 0.794900 0.359600
vt 0.802000 0.360300
vt 0.809500 0.361700
vt 0.818000 0.364900
vt 0.825300 0.362000
vt 0.832300 0.360300
vt 0.839100 0.359500
vt 0.845900 0.359400
vt 0.852900 0.360100
vt 0.860500 0.361800
vt 0.628700 0.336800
vt 0.630100 0.345200
vt 0.631000 0.353000
vt 0.631300 0.360600
vt 0.631200 0.368400
vt 0.630600 0.376600
vt 0.554200 0.383800
vt 0.552400 0.375200
vt 0.551300 0.367300
vt 0.550900 0.359800
vt 0.551000 0.352300
vt 0.551700 0.344600
vt 0.552800 0.336400
vt 0.771200 0.354000
vt 0.779700 0.352800
vt 0.787500 0.352100
vt 0.795200 0.352000
vt 0.802900 0.352300
vt 0.811100 0.353100
vt 0.814800 0.356200
vt 0.823300 0.354100
vt 0.831200 0.352700
vt 0.838700 0.352000
vt 0.846200 0.351800
vt 0.853900 0.352200
vt 0.862200 0.353100
vt 0.637700 0.335600
vt 0.638400 0.344400
vt 0.638900 0.352600
vt 0.639100 0.360600
vt 0.639200 0.368500
vt 0.639200 0.376800
vt 0.544900 0.385300
vt 0.544000 0.376200
vt 0.543300 0.367900
vt 0.543100 0.359800
vt 0.543300 0.351900
vt 0.543700 0.343900
vt 0.544100 0.335600
vt 0.770300 0.344900
vt 0.779100 0.344500
vt 0.787300 0.344200
vt 0.795300 0.344200
vt 0.803300 0.344300
vt 0.811500 0.344500
vt 0.813000 0.346900
vt 0.822000 0.345700
vt 0.830400 0.344700
vt 0.838400 0.344200
vt 0.846300 0.344000
vt 0.854300 0.344200
vt 0.862600 0.344300
vt 0.647100 0.335600
vt 0.647300 0.344100
vt 0.647500 0.352400
vt 0.647500 0.360500
vt 0.647500 0.368400
vt 0.647800 0.376200
vt 0.535200 0.385500
vt 0.534800 0.376700
vt 0.534500 0.368100
vt 0.534500 0.359700
vt 0.534800 0.351600
vt 0.535300 0.343600
vt 0.535500 0.335700
vt 0.770600 0.335600
vt 0.779000 0.335600
vt 0.787300 0.335600
vt 0.795400 0.335800
vt 0.803300 0.336000
vt 0.811100 0.335900
vt 0.812400 0.337200
vt 0.821200 0.336500
vt 0.829800 0.335900
vt 0.838100 0.335600
vt 0.846300 0.335600
vt 0.854300 0.335800
vt 0.862200 0.335700
vt 0.829200 0.105300
vt 0.833300 0.105400
vt 0.832800 0.123400
vt 0.829300 0.123400
vt 0.837400 0.106000
vt 0.836400 0.123500
vt 0.841500 0.106700
vt 0.840100 0.123700
vt 0.845500 0.107600
vt 0.844000 0.123900
vt 0.849500 0.108400
vt 0.848000 0.124100
vt 0.853500 0.108900
vt 0.852000 0.124400
vt 0.805300 0.109000
vt 0.809300 0.108500
vt 0.810700 0.124100
vt 0.806600 0.124300
vt 0.813200 0.107800
vt 0.814700 0.123800
vt 0.817200 0.107000
vt 0.818500 0.123600
vt 0.821100 0.106200
vt 0.822200 0.123400
vt 0.825100 0.105600
vt 0.825700 0.123400
vt 0.832600 0.139700
vt 0.829200 0.139600
vt 0.836100 0.139700
vt 0.839700 0.139700
vt 0.843500 0.139800
vt 0.847400 0.139900
vt 0.851500 0.140000
vt 0.811000 0.139700
vt 0.806900 0.139800
vt 0.815000 0.139700
vt 0.818700 0.139600
vt 0.822300 0.139600
vt 0.825800 0.139600
vt 0.832600 0.155500
vt 0.829200 0.155500
vt 0.836000 0.155600
vt 0.839600 0.155600
vt 0.843400 0.155500
vt 0.847300 0.155600
vt 0.851400 0.155600
vt 0.810900 0.155500
vt 0.806800 0.155500
vt 0.814900 0.155500
vt 0.818700 0.155500
vt 0.822300 0.155500
vt 0.825800 0.155500
vt 0.832500 0.171500
vt 0.829100 0.171500
vt 0.836000 0.171500
vt 0.839700 0.171400
vt 0.843400 0.171300
vt 0.847300 0.171300
vt 0.851400 0.171200
vt 0.810800 0.171300
vt 0.806700 0.171200
vt 0.814700 0.171400
vt 0.818600 0.171400
vt 0.822200 0.171400
vt 0.825700 0.171500
vt 0.832700 0.187800
vt 0.829100 0.187800
vt 0.836300 0.187700
vt 0.840000 0.187500
vt 0.843900 0.187300
vt 0.847900 0.187100
vt 0.852000 0.186800
vt 0.810400 0.187100
vt 0.806300 0.186800
vt 0.814400 0.187300
vt 0.818200 0.187600
vt 0.821900 0.187700
vt 0.825500 0.187800
vt 0.833200 0.205800
vt 0.829100 0.206000
vt 0.837300 0.205200
vt 0.841300 0.204400
vt 0.845300 0.203600
vt 0.849400 0.202900
vt 0.853400 0.202300
vt 0.808800 0.202800
vt 0.804800 0.202300
vt 0.812800 0.203600
vt 0.816800 0.204500
vt 0.820900 0.205300
vt 0.825000 0.205800
vt 0.378500 0.366100
vt 0.378000 0.370200
vt 0.360400 0.368800
vt 0.360500 0.365300
vt 0.377300 0.374200
vt 0.360100 0.372300
vt 0.376300 0.378100
vt 0.359800 0.376000
vt 0.375200 0.382000
vt 0.359400 0.379700
vt 0.374300 0.385800
vt 0.359000 0.383600
vt 0.373600 0.389700
vt 0.358600 0.387600
vt 0.376300 0.341500
vt 0.376600 0.345700
vt 0.360600 0.346500
vt 0.360400 0.342300
vt 0.377100 0.349800
vt 0.360600 0.350600
vt 0.377700 0.353900
vt 0.360700 0.354500
vt 0.378200 0.358000
vt 0.360700 0.358200
vt 0.378500 0.362000
vt 0.360500 0.361800
vt 0.344300 0.368100
vt 0.344400 0.364700
vt 0.344100 0.371600
vt 0.344000 0.375100
vt 0.343900 0.378900
vt 0.343700 0.382700
vt 0.343600 0.386700
vt 0.344700 0.346600
vt 0.344700 0.342500
vt 0.344600 0.350600
vt 0.344600 0.354300
vt 0.344500 0.357900
vt 0.344300 0.361300
vt 0.328400 0.367900
vt 0.328500 0.364500
vt 0.328300 0.371400
vt 0.328300 0.375000
vt 0.328300 0.378700
vt 0.328300 0.382600
vt 0.328400 0.386600
vt 0.329000 0.346400
vt 0.329100 0.342300
vt 0.328800 0.350300
vt 0.328700 0.354100
vt 0.328600 0.357700
vt 0.328500 0.361100
vt 0.312200 0.367900
vt 0.312200 0.364400
vt 0.312200 0.371500
vt 0.312300 0.375200
vt 0.312500 0.379000
vt 0.312800 0.382900
vt 0.313100 0.387000
vt 0.313300 0.345700
vt 0.313500 0.341600
vt 0.312900 0.349700
vt 0.312700 0.353600
vt 0.312500 0.357300
vt 0.312300 0.360900
vt 0.294200 0.368600
vt 0.294000 0.364500
vt 0.294800 0.372600
vt 0.295600 0.376600
vt 0.296500 0.380500
vt 0.297300 0.384400
vt 0.297800 0.388500
vt 0.297400 0.344000
vt 0.298000 0.340000
vt 0.296600 0.348000
vt 0.295700 0.352100
vt 0.294800 0.356200
vt 0.294200 0.360300
vt 0.558600 0.305000
vt 0.554400 0.304500
vt 0.556100 0.286600
vt 0.559600 0.286800
vt 0.550400 0.303600
vt 0.552500 0.286200
vt 0.546400 0.302600
vt 0.548800 0.285800
vt 0.542500 0.301500
vt 0.545000 0.285400
vt 0.538500 0.300400
vt 0.541100 0.285000
vt 0.534500 0.299600
vt 0.537000 0.284400
vt 0.582800 0.302600
vt 0.578700 0.302900
vt 0.578200 0.287200
vt 0.582300 0.287200
vt 0.574800 0.303400
vt 0.574200 0.287300
vt 0.570800 0.304100
vt 0.570400 0.287300
vt 0.566800 0.304600
vt 0.566700 0.287200
vt 0.562700 0.305000
vt 0.563100 0.287100
vt 0.557100 0.270400
vt 0.560500 0.270600
vt 0.553700 0.270200
vt 0.550100 0.269900
vt 0.546400 0.269700
vt 0.542500 0.269500
vt 0.538500 0.269100
vt 0.578700 0.271500
vt 0.582700 0.271700
vt 0.574700 0.271400
vt 0.571000 0.271300
vt 0.567400 0.271100
vt 0.563900 0.270900
vt 0.558000 0.254600
vt 0.561400 0.254800
vt 0.554600 0.254400
vt 0.551000 0.254300
vt 0.547300 0.254100
vt 0.543400 0.254100
vt 0.539400 0.253900
vt 0.579600 0.255800
vt 0.583700 0.256100
vt 0.575600 0.255600
vt 0.571800 0.255400
vt 0.568200 0.255200
vt 0.564800 0.255000
vt 0.558500 0.238500
vt 0.562000 0.238600
vt 0.555000 0.238400
vt 0.551300 0.238400
vt 0.547500 0.238500
vt 0.543600 0.238700
vt 0.539600 0.238800
vt 0.580800 0.239900
vt 0.585000 0.240400
vt 0.576700 0.239600
vt 0.572900 0.239300
vt 0.569100 0.239000
vt 0.565600 0.238700
vt 0.558500 0.220700
vt 0.562500 0.220600
vt 0.554500 0.221200
vt 0.550500 0.221900
vt 0.546600 0.222600
vt 0.542700 0.223200
vt 0.538700 0.223600
vt 0.582800 0.224000
vt 0.586900 0.224600
vt 0.578700 0.223200
vt 0.574700 0.222300
vt 0.570600 0.221500
vt 0.566600 0.220900
vt 0.828700 0.307600
vt 0.824600 0.307200
vt 0.826000 0.289400
vt 0.829500 0.289600
vt 0.820600 0.306500
vt 0.822500 0.289200
vt 0.816600 0.305500
vt 0.818800 0.288800
vt 0.812700 0.304500
vt 0.814900 0.288500
vt 0.808800 0.303500
vt 0.811000 0.288000
vt 0.804800 0.302800
vt 0.807000 0.287600
vt 0.852800 0.305100
vt 0.848700 0.305400
vt 0.848100 0.289800
vt 0.852100 0.289800
vt 0.844800 0.305900
vt 0.844100 0.289800
vt 0.840800 0.306500
vt 0.840300 0.289900
vt 0.836800 0.307200
vt 0.836600 0.289900
vt 0.832800 0.307600
vt 0.833000 0.289800
vt 0.826900 0.273300
vt 0.830300 0.273500
vt 0.823500 0.273100
vt 0.819900 0.272900
vt 0.816200 0.272700
vt 0.812200 0.272400
vt 0.808200 0.272100
vt 0.848400 0.274200
vt 0.852400 0.274400
vt 0.844500 0.274100
vt 0.840800 0.273900
vt 0.837200 0.273800
vt 0.833700 0.273600
vt 0.827700 0.257400
vt 0.831100 0.257600
vt 0.824300 0.257300
vt 0.820700 0.257100
vt 0.817000 0.256900
vt 0.813000 0.256700
vt 0.808900 0.256500
vt 0.849200 0.258600
vt 0.853300 0.258800
vt 0.845300 0.258400
vt 0.841500 0.258200
vt 0.838000 0.258000
vt 0.834500 0.257800
vt 0.828500 0.241500
vt 0.832000 0.241700
vt 0.825000 0.241300
vt 0.821400 0.241200
vt 0.817600 0.241100
vt 0.813600 0.240900
vt 0.809500 0.240800
vt 0.850200 0.242900
vt 0.854300 0.243200
vt 0.846300 0.242600
vt 0.842500 0.242300
vt 0.838900 0.242100
vt 0.835400 0.241900
vt 0.829200 0.225100
vt 0.832800 0.225300
vt 0.825600 0.225000
vt 0.821900 0.225000
vt 0.818000 0.225000
vt 0.814000 0.225100
vt 0.809800 0.225100
vt 0.851700 0.227000
vt 0.855800 0.227500
vt 0.847600 0.226500
vt 0.843700 0.226100
vt 0.840000 0.225800
vt 0.836400 0.225500
vt 0.829500 0.207000
vt 0.833600 0.207000
vt 0.825400 0.207400
vt 0.821300 0.208100
vt 0.817300 0.208800
vt 0.813300 0.209300
vt 0.809200 0.209600
vt 0.854000 0.211100
vt 0.858100 0.211900
vt 0.850000 0.210100
vt 0.846000 0.209100
vt 0.841900 0.208100
vt 0.837800 0.207300
# 748 texture coordinates

vn 0.000000 -1.000000 0.000000
vn -0.000007 1.000000 -0.000001
vn -0.996177 -0.086402 0.012877
vn -0.996094 -0.087353 0.012895
vn -0.996051 -0.087834 0.012921
vn 0.012817 -0.087758 0.996059
vn 0.012799 -0.088440 0.995999
vn 0.012793 -0.088782 0.995969
vn 0.996133 -0.086909 -0.012868
vn 0.996057 -0.087775 -0.012867
vn 0.996019 -0.088203 -0.012893
vn -0.012775 -0.085571 -0.996250
vn -0.012805 -0.086707 -0.996152
vn -0.012787 -0.087283 -0.996101
vn -0.999916 0.000000 0.012934
vn 0.012941 0.000118 0.999916
vn 0.999918 0.000000 -0.012764
vn -0.012860 0.000095 -0.999917
vn -0.745194 0.666779 0.009617
vn 0.009466 0.678201 0.734815
vn 0.744614 0.667427 -0.009563
vn -0.009511 0.673874 -0.738785
vn -0.998918 -0.044687 0.012859
vn -0.999473 -0.029788 0.012880
vn 0.012807 -0.044948 0.998907
vn 0.012845 -0.029962 0.999469
vn 0.998913 -0.044796 -0.012924
vn 0.999471 -0.029861 -0.012911
vn -0.012897 -0.044538 -0.998924
vn -0.012892 -0.029689 -0.999476
vn -0.996050 -0.087866 0.012797
vn -0.996093 -0.087374 0.012812
vn -0.999916 0.000000 0.012958
vn -0.745191 0.666782 0.009588
vn -0.998919 -0.044694 0.012805
vn -0.999474 -0.029793 0.012844
vn 0.485747 0.874077 -0.006259
vn 0.421145 0.024753 0.906655
vn 0.322181 -0.946669 -0.004148
vn 0.397651 0.023942 -0.917224
vn -0.397702 0.024820 0.917179
vn -0.485400 0.874270 0.006254
vn -0.421175 0.024018 -0.906661
vn -0.322661 -0.946506 0.004160
vn 0.006246 0.874025 0.485841
vn -0.906652 0.024138 0.421189
vn 0.004160 -0.946668 0.322183
vn 0.917204 0.024310 0.397676
vn -0.917281 0.024504 -0.397487
vn -0.006253 0.874270 -0.485400
vn 0.906665 0.024662 -0.421129
vn -0.004152 -0.946530 -0.322590
vn 0.281657 0.959508 -0.003738
vn 0.269254 0.959508 -0.082742
vn 0.235094 0.959511 -0.155143
vn 0.181620 0.959529 -0.215219
vn 0.113737 0.959503 -0.257717
vn 0.036515 0.959535 -0.279212
vn -0.043619 0.959504 -0.278299
vn -0.120207 0.959537 -0.254636
vn -0.187355 0.959519 -0.210289
vn -0.238866 0.959499 -0.149348
vn -0.271241 0.959510 -0.075954
vn -0.281720 0.959489 0.003705
vn -0.269307 0.959495 0.082722
vn -0.235134 0.959497 0.155168
vn -0.181644 0.959518 0.215246
vn -0.113661 0.959488 0.257805
vn -0.036535 0.959501 0.279326
vn 0.043808 0.959506 0.278262
vn 0.120273 0.959514 0.254689
vn 0.187116 0.959536 0.210422
vn 0.238851 0.959520 0.149240
vn 0.271206 0.959527 0.075856
vn 0.540543 0.841286 -0.007117
vn 0.516703 0.841290 -0.158899
vn 0.451076 0.841296 -0.297913
vn 0.348651 0.841308 -0.413090
vn 0.218270 0.841274 -0.494588
vn 0.070067 0.841341 -0.535945
vn -0.083870 0.841278 -0.534057
vn -0.230856 0.841279 -0.488831
vn -0.359366 0.841287 -0.403847
vn -0.458407 0.841323 -0.286424
vn -0.520530 0.841339 -0.145595
vn -0.540507 0.841310 0.007019
vn -0.516628 0.841351 0.158821
vn -0.451014 0.841290 0.298024
vn -0.348730 0.841242 0.413157
vn -0.218174 0.841274 0.494629
vn -0.070075 0.841340 0.535945
vn 0.083937 0.841360 0.533918
vn 0.230872 0.841308 0.488774
vn 0.359125 0.841334 0.403962
vn 0.458453 0.841322 0.286353
vn 0.520563 0.841329 0.145534
vn 0.755512 0.655060 -0.009948
vn 0.722225 0.655023 -0.222119
vn 0.630416 0.655098 -0.416441
vn 0.487305 0.655121 -0.577366
vn 0.304949 0.655023 -0.691340
vn 0.097903 0.654974 -0.749282
vn -0.117332 0.654969 -0.746491
vn -0.322783 0.654970 -0.683246
vn -0.502042 0.655064 -0.564664
vn -0.640761 0.655132 -0.400285
vn -0.727627 0.655127 -0.203389
vn -0.755489 0.655090 0.009690
vn -0.722134 0.655161 0.222005
vn -0.630175 0.655116 0.416776
vn -0.487411 0.655008 0.577403
vn -0.305102 0.655055 0.691242
vn -0.097898 0.655060 0.749208
vn 0.117312 0.655085 0.746393
vn 0.322765 0.655049 0.683179
vn 0.501953 0.655115 0.564684
vn 0.640796 0.655144 0.400210
vn 0.727642 0.655127 0.203337
vn 0.909480 0.415576 -0.011962
vn 0.869386 0.415556 -0.267359
vn 0.758942 0.415574 -0.501304
vn 0.586667 0.415598 -0.695054
vn 0.366928 0.415547 -0.832277
vn 0.117825 0.415474 -0.901941
vn -0.141068 0.415588 -0.898547
vn -0.388454 0.415671 -0.822387
vn -0.604266 0.415709 -0.679741
vn -0.771430 0.415636 -0.481812
vn -0.876001 0.415557 -0.244817
vn -0.909530 0.415474 0.011656
vn -0.869453 0.415449 0.267307
vn -0.758675 0.415528 0.501746
vn -0.586737 0.415563 0.695016
vn -0.367251 0.415566 0.832125
vn -0.117825 0.415475 0.901941
vn 0.141176 0.415508 0.898567
vn 0.388561 0.415454 0.822447
vn 0.604312 0.415460 0.679853
vn 0.771469 0.415506 0.481860
vn 0.876004 0.415550 0.244816
vn 0.989728 0.142377 -0.012939
vn 0.946067 0.142414 -0.290989
vn 0.825877 0.142347 -0.545587
vn 0.638470 0.142318 -0.756374
vn 0.399267 0.142370 -0.905714
vn 0.128249 0.142394 -0.981466
vn -0.153287 0.142470 -0.977857
vn -0.422692 0.142485 -0.895002
vn -0.657672 0.142421 -0.739719
vn -0.839568 0.142378 -0.524265
vn -0.953298 0.142333 -0.266390
vn -0.989745 0.142276 0.012753
vn -0.946110 0.142218 0.290947
vn -0.825683 0.142263 0.545902
vn -0.638531 0.142305 0.756325
vn -0.399593 0.142378 0.905568
vn -0.128249 0.142395 0.981466
vn 0.153590 0.142384 0.977823
vn 0.422900 0.142247 0.894942
vn 0.657603 0.142147 0.739832
vn 0.839502 0.142199 0.524419
vn 0.953283 0.142284 0.266470
vn 0.989728 -0.142377 -0.012939
vn 0.946067 -0.142414 -0.290989
vn 0.825876 -0.142347 -0.545587
vn 0.638470 -0.142318 -0.756374
vn 0.399267 -0.142370 -0.905714
vn 0.128249 -0.142394 -0.981466
vn -0.153287 -0.142470 -0.977857
vn -0.422692 -0.142485 -0.895002
vn -0.657672 -0.142421 -0.739719
vn -0.839568 -0.142378 -0.524265
vn -0.953298 -0.142333 -0.266390
vn -0.989745 -0.142276 0.012753
vn -0.946110 -0.142218 0.290947
vn -0.825683 -0.142263 0.545902
vn -0.638531 -0.142305 0.756325
vn -0.399593 -0.142378 0.905568
vn -0.128249 -0.142395 0.981466
vn 0.153590 -0.142384 0.977823
vn 0.422900 -0.142247 0.894942
vn 0.657603 -0.142147 0.739832
vn 0.839502 -0.142199 0.524419
vn 0.953283 -0.142284 0.266470
vn 0.959408 -0.281742 -0.012583
vn 0.917080 -0.281813 -0.282038
vn 0.800615 -0.281686 -0.528838
vn 0.618920 -0.281629 -0.733228
vn 0.387020 -0.281728 -0.877978
vn 0.124293 -0.281777 -0.951395
vn -0.148666 -0.281924 -0.947849
vn -0.409718 -0.281946 -0.867547
vn -0.637488 -0.281831 -0.717063
vn -0.813838 -0.281740 -0.508222
vn -0.924108 -0.281661 -0.258248
vn -0.959470 -0.281542 0.012332
vn -0.917198 -0.281439 0.282026
vn -0.800405 -0.281518 0.529245
vn -0.618985 -0.281604 0.733183
vn -0.387342 -0.281742 0.877831
vn -0.124293 -0.281779 0.951395
vn 0.148877 -0.281752 0.947867
vn 0.409904 -0.281491 0.867607
vn 0.637530 -0.281301 0.717234
vn 0.813863 -0.281394 0.508374
vn 0.924121 -0.281564 0.258308
vn 0.029859 0.999554 -0.000417
vn -0.473947 0.880527 0.006808
vn -0.471584 0.851065 0.230863
vn 0.032772 0.965492 0.258361
vn -0.850762 0.525409 0.012218
vn -0.849460 0.508320 0.141523
vn -0.999450 0.029887 0.014355
vn -0.999447 0.029975 0.014381
vn -0.880725 -0.473460 0.012646
vn -0.882063 -0.456451 -0.116696
vn -0.526514 -0.850133 0.007568
vn -0.528630 -0.820778 -0.216502
vn -0.030101 -0.999547 0.000395
vn -0.032790 -0.965498 -0.258336
vn 0.474289 -0.880342 -0.006890
vn 0.472114 -0.850801 -0.230751
vn 0.850526 -0.525790 -0.012247
vn 0.849343 -0.508526 -0.141482
vn 0.999428 -0.030633 -0.014353
vn 0.999433 -0.030432 -0.014403
vn 0.880908 0.473118 -0.012659
vn 0.882180 0.456227 0.116685
vn 0.525809 0.850569 -0.007552
vn 0.528253 0.820998 0.216588
vn -0.470954 0.764696 0.439820
vn 0.033640 0.865604 0.499599
vn -0.849262 0.458400 0.261960
vn -0.999449 0.029935 0.014324
vn -0.882409 -0.406421 -0.237016
vn -0.529029 -0.734378 -0.425225
vn -0.033323 -0.865637 -0.499562
vn 0.471564 -0.764402 -0.439678
vn 0.849135 -0.458531 -0.262143
vn 0.999439 -0.030190 -0.014491
vn 0.882201 0.406683 0.237341
vn 0.528678 0.734496 0.425458
vn -0.472482 0.627145 0.619233
vn 0.031904 0.706845 0.706649
vn -0.850069 0.379191 0.365509
vn -0.999461 0.029737 0.013935
vn -0.881541 -0.326965 -0.340557
vn -0.527566 -0.596771 -0.604598
vn -0.031223 -0.706763 -0.706761
vn 0.472870 -0.626941 -0.619144
vn 0.850042 -0.379167 -0.365596
vn 0.999440 -0.030165 -0.014509
vn 0.881372 0.327306 0.340667
vn 0.527181 0.597082 0.604627
vn -0.476249 0.447699 0.756804
vn 0.027241 0.499796 0.865715
vn -0.851876 0.275761 0.445268
vn -0.999461 0.029737 0.013944
vn -0.879449 -0.223721 -0.420140
vn -0.524076 -0.417663 -0.742228
vn -0.027419 -0.499809 -0.865702
vn 0.476142 -0.447735 -0.756850
vn 0.852085 -0.275660 -0.444929
vn 0.999441 -0.030145 -0.014453
vn 0.879665 0.223481 0.419816
vn 0.524049 0.417684 0.742235
vn -0.481383 0.239026 0.843289
vn 0.021469 0.258625 0.965739
vn -0.854780 0.155377 0.495186
vn -0.999451 0.029998 0.014059
vn -0.876509 -0.103208 -0.470192
vn -0.519043 -0.208840 -0.828843
vn -0.021716 -0.258667 -0.965722
vn 0.481221 -0.239004 -0.843388
vn 0.855014 -0.155263 -0.494818
vn 0.999445 -0.030085 -0.014318
vn 0.876738 0.103035 0.469802
vn 0.519105 0.208755 0.828825
vn -0.487562 0.015034 0.872959
vn 0.014343 -0.000045 0.999897
vn -0.858559 0.026064 0.512052
vn -0.999450 0.030053 0.014024
vn -0.872909 0.026017 -0.487189
vn -0.512883 0.015073 -0.858326
vn -0.014474 0.000065 -0.999895
vn 0.487867 -0.015060 -0.872788
vn 0.858656 -0.026054 -0.511890
vn 0.999446 -0.029984 -0.014452
vn 0.872990 -0.025986 0.487046
vn 0.512591 -0.015060 0.858501
vn -0.494723 -0.208958 0.843556
vn 0.006114 -0.258672 0.965946
vn -0.862716 -0.103232 0.495039
vn -0.999447 0.030112 0.014085
vn -0.868800 0.155259 -0.470193
vn -0.505853 0.238899 -0.828879
vn -0.006341 0.258672 -0.965944
vn 0.495070 0.208882 -0.843370
vn 0.862725 0.103178 -0.495034
vn 0.999442 -0.030082 -0.014492
vn 0.868759 -0.155366 0.470233
vn 0.505436 -0.238988 0.829108
vn -0.502445 -0.417569 0.757090
vn -0.002539 -0.499721 0.866183
vn -0.867042 -0.223638 0.445223
vn -0.999443 0.030083 0.014459
vn -0.864359 0.275954 -0.420396
vn -0.498077 0.447752 -0.742588
vn 0.002177 0.499777 -0.866151
vn 0.502333 0.417598 -0.757148
vn 0.867069 0.223563 -0.445209
vn 0.999440 -0.030254 -0.014264
vn 0.864442 -0.275803 0.420325
vn 0.498038 -0.447706 0.742642
vn -0.509804 -0.596811 0.619610
vn -0.011151 -0.706762 0.707363
vn -0.871281 -0.327041 0.365943
vn -0.999445 0.029944 0.014599
vn -0.860055 0.379395 -0.341122
vn -0.490539 0.626987 -0.605192
vn 0.011035 0.706797 -0.707330
vn 0.509627 0.596902 -0.619668
vn 0.871248 0.327140 -0.365933
vn 0.999443 -0.030165 -0.014242
vn 0.860330 -0.379021 0.340846
vn 0.490608 -0.626960 0.605165
vn -0.516436 -0.734428 0.440352
vn -0.019030 -0.865626 0.500329
vn -0.875130 -0.406527 0.262458
vn -0.999442 0.030192 0.014306
vn -0.856216 0.458696 -0.237680
vn -0.483909 0.764441 -0.425984
vn 0.019123 0.865602 -0.500367
vn 0.516397 0.734390 -0.440460
vn 0.875025 0.406653 -0.262610
vn 0.999447 -0.029966 -0.014436
vn 0.856418 -0.458440 0.237447
vn 0.483737 -0.764534 0.426011
vn -0.516232 -0.786362 0.339322
vn -0.022502 -0.923451 0.383055
vn -0.874971 -0.438673 0.204919
vn -0.999439 0.030374 0.014145
vn -0.852579 0.490514 -0.180293
vn -0.477742 0.816069 -0.325260
vn 0.022507 0.923390 -0.383202
vn 0.516224 0.786211 -0.339684
vn 0.874914 0.438627 -0.205263
vn 0.999450 -0.029822 -0.014521
vn 0.852705 -0.490334 0.180187
vn 0.477464 -0.816203 0.325331
vn -0.033532 -0.923433 -0.382291
vn -0.525697 -0.786323 -0.324560
vn -0.528837 -0.734444 -0.425351
vn -0.880546 -0.438506 -0.179863
vn -0.882259 -0.406595 -0.237275
vn -0.999426 0.030535 0.014702
vn -0.999431 0.030416 0.014604
vn -0.847009 0.490520 0.204856
vn -0.849071 0.458612 0.262207
vn -0.468119 0.816110 0.338865
vn -0.471527 0.764385 0.439749
vn 0.033667 0.923389 0.382386
vn 0.525909 0.786147 0.324643
vn 0.529111 0.734286 0.425283
vn 0.880573 0.438476 0.179806
vn 0.882363 0.406464 0.237111
vn 0.999446 -0.029944 -0.014537
vn 0.999450 -0.029910 -0.014325
vn 0.847169 -0.490260 -0.204818
vn 0.849147 -0.458521 -0.262122
vn 0.467894 -0.816193 -0.338975
vn 0.471188 -0.764539 -0.439843
vn -0.527331 -0.596930 -0.604646
vn -0.031550 -0.706792 -0.706718
vn -0.881499 -0.327089 -0.340548
vn -0.999435 0.030283 0.014600
vn -0.850043 0.379180 0.365582
vn -0.472986 0.626952 0.619044
vn 0.031353 0.706830 0.706688
vn 0.527528 0.596824 0.604579
vn 0.881475 0.327057 0.340639
vn 0.999458 -0.029790 -0.013990
vn 0.849995 -0.379291 -0.365578
vn 0.472635 -0.627093 -0.619169
vn -0.523977 -0.417697 -0.742278
vn -0.879728 -0.223432 -0.419710
vn -0.999438 0.030202 0.014562
vn -0.851923 0.275831 0.445135
vn -0.476167 0.447795 0.756799
vn 0.524022 0.417620 0.742290
vn 0.879434 0.223727 0.420168
vn 0.999459 -0.029778 -0.013988
vn 0.851957 -0.275793 -0.445092
vn 0.476118 -0.447846 -0.756800
vn -0.519005 -0.208843 -0.828866
vn -0.876756 -0.103055 -0.469764
vn -0.999444 0.030108 0.014358
vn -0.854819 0.155373 0.495121
vn -0.481347 0.238986 0.843321
vn 0.519227 0.208808 0.828736
vn 0.876526 0.103195 0.470162
vn 0.999450 -0.030009 -0.014105
vn 0.854938 -0.155297 -0.494938
vn 0.481391 -0.239050 -0.843278
vn -0.512587 0.015103 -0.858503
vn -0.873104 0.026032 -0.486839
vn -0.999443 0.030084 0.014469
vn -0.858686 0.026093 0.511838
vn -0.487938 0.015049 0.872749
vn 0.513053 -0.015169 0.858223
vn 0.872982 -0.026064 0.487056
vn 0.999450 -0.030057 -0.014028
vn 0.858632 -0.025996 -0.511933
vn 0.487652 -0.014935 -0.872910
vn -0.505436 0.239012 -0.829101
vn -0.869000 0.155285 -0.469814
vn -0.999442 0.030036 0.014611
vn -0.862906 -0.103118 0.494732
vn -0.495140 -0.208873 0.843332
vn 0.505898 -0.238907 0.828849
vn 0.868927 -0.155216 0.469972
vn 0.999448 -0.030171 -0.013931
vn 0.862752 0.103199 -0.494983
vn 0.494652 0.208950 -0.843599
vn -0.497878 0.447801 -0.742692
vn -0.864459 0.275792 -0.420296
vn -0.999445 0.030020 0.014442
vn -0.867140 -0.223580 0.445061
vn -0.502512 -0.417573 0.757043
vn 0.498110 -0.447650 0.742628
vn 0.864470 -0.275841 0.420243
vn 0.999439 -0.030391 -0.014083
vn 0.867093 0.223498 -0.445195
vn 0.502050 0.417692 -0.757284
vn -0.490193 0.627091 -0.605366
vn -0.860150 0.379215 -0.341083
vn -0.999445 0.030060 0.014369
vn -0.871297 -0.327059 0.365888
vn -0.509664 -0.596849 0.619688
vn 0.490315 -0.627072 0.605287
vn 0.860169 -0.379244 0.341002
vn 0.999441 -0.030255 -0.014229
vn 0.871216 0.327190 -0.365964
vn 0.509266 0.597143 -0.619732
vn -0.483456 0.764658 -0.426108
vn -0.856405 0.458458 -0.237457
vn -0.999446 0.029995 0.014434
vn -0.875075 -0.406608 0.262515
vn -0.516374 -0.734459 0.440372
vn 0.483723 -0.764521 0.426052
vn 0.856328 -0.458531 0.237597
vn 0.999439 -0.030329 -0.014208
vn 0.875108 0.406529 -0.262528
vn 0.516113 0.734543 -0.440539
vn -0.478024 0.851070 -0.217195
vn 0.025375 0.965494 -0.259187
vn -0.853188 0.508322 -0.116956
vn -0.999448 0.029897 0.014503
vn -0.878276 -0.456551 0.142101
vn -0.522240 -0.820745 0.231609
vn -0.025493 -0.965492 0.259181
vn 0.478331 -0.850910 0.217143
vn 0.852946 -0.508715 0.117011
vn 0.999429 -0.030599 -0.014336
vn 0.878506 0.456147 -0.141974
vn 0.521781 0.821015 -0.231688
# 466 normals

usemtl 666
f 315/691/319 316/692/319 317/693/319 318/694/319
f 319/695/320 320/696/320 321/697/320 322/698/320
f 315/699/321 318/700/321 323/701/322 324/702/323
f 325/703/324 326/704/324 327/705/325 328/706/326
f 329/707/327 330/708/327 331/709/328 332/710/329
f 333/711/330 334/712/330 335/713/331 336/714/332
f 337/715/333 338/716/333 339/717/333 340/718/333
f 341/719/334 342/720/334 343/721/334 344/722/334
f 345/723/335 346/724/335 347/725/335 348/726/335
f 349/727/336 319/728/336 322/729/336 350/730/336
f 351/731/337 337/732/337 340/733/337 352/734/337
f 353/735/338 341/736/338 344/737/338 354/738/338
f 355/739/339 345/740/339 348/741/339 356/742/339
f 357/743/340 349/744/340 350/745/340 358/746/340
f 359/747/341 351/748/333 352/749/333 360/750/342
f 361/751/343 353/752/334 354/753/334 362/754/344
f 363/755/345 355/756/335 356/757/335 364/758/346
f 365/759/347 357/760/336 358/761/336 366/762/348
f 328/763/349 359/747/341 360/750/342 367/764/350
f 332/765/326 361/751/343 362/754/344 368/766/325
f 336/767/329 363/755/345 364/758/346 369/768/328
f 324/769/332 365/759/347 366/762/348 370/770/331
f 371/771/319 330/772/319 372/773/319 373/774/319
f 320/696/320 339/775/320 374/776/320 321/697/320
f 318/700/321 375/777/321 367/764/350 323/701/322
f 371/778/327 333/779/327 336/767/329 369/768/328
f 320/780/351 319/781/333 349/782/333 376/783/351
f 347/725/335 377/784/335 378/785/335 348/726/335
f 376/786/352 349/787/337 357/788/337 379/789/352
f 348/741/339 378/790/339 380/791/339 356/742/339
f 379/792/333 357/793/333 365/794/353 381/795/354
f 356/757/335 380/796/335 382/797/346 364/758/346
f 381/795/354 365/794/353 324/702/323 323/701/322
f 330/708/327 371/778/327 369/768/328 331/709/328
f 339/717/333 320/780/351 376/783/351 340/718/333
f 340/733/337 376/786/352 379/789/352 352/734/337
f 352/749/333 379/792/333 381/795/354 360/750/342
f 330/772/319 329/798/319 383/799/319 372/773/319
f 339/775/320 338/800/320 384/801/320 374/776/320
f 375/777/321 325/802/321 328/763/349 367/764/350
f 377/784/335 342/803/335 341/804/335 378/785/335
f 378/790/339 341/805/339 353/806/339 380/791/339
f 380/796/335 353/807/335 361/808/345 382/797/346
f 382/797/346 361/808/345 332/710/329 331/709/328
f 334/809/319 333/810/319 371/771/319 373/774/319
f 385/811/320 347/812/320 346/813/320 386/814/320
f 383/815/324 329/816/324 332/765/326 368/766/325
f 334/712/330 316/817/330 370/770/331 335/713/331
f 343/721/334 384/818/334 387/819/334 344/722/334
f 386/820/336 346/821/336 345/822/336 388/823/336
f 344/737/338 387/824/338 389/825/338 354/738/338
f 388/826/340 345/827/340 355/828/340 390/829/340
f 354/753/334 389/830/334 391/831/344 362/754/344
f 390/832/336 355/833/336 363/834/347 392/835/348
f 392/835/348 363/834/347 336/714/332 335/713/331
f 372/773/319 393/836/319 317/693/319 373/774/319
f 394/837/320 377/838/320 347/812/320 385/811/320
f 383/799/319 326/839/319 393/836/319 372/773/319
f 343/840/320 342/841/320 377/838/320 394/837/320
f 316/692/319 334/809/319 373/774/319 317/693/319
f 321/697/320 385/811/320 386/814/320 322/698/320
f 326/704/324 383/815/324 368/766/325 327/705/325
f 322/729/336 386/820/336 388/823/336 350/730/336
f 350/745/340 388/826/340 390/829/340 358/746/340
f 358/761/336 390/832/336 392/835/348 366/762/348
f 374/776/320 394/837/320 385/811/320 321/697/320
f 384/801/320 343/840/320 394/837/320 374/776/320
f 316/817/330 315/842/330 324/769/332 370/770/331
f 384/818/334 338/843/334 337/844/334 387/819/334
f 387/824/338 337/845/338 351/846/338 389/825/338
f 389/830/334 351/847/334 359/848/343 391/831/344
f 391/831/344 359/848/343 328/706/326 327/705/325
f 393/836/319 375/849/319 318/694/319 317/693/319
f 326/839/319 325/850/319 375/849/319 393/836/319
f 331/851/355 369/852/355 395/853/355 396/854/355
f 369/855/356 364/856/356 397/857/356 395/858/356
f 364/859/357 382/860/357 398/861/357 397/862/357
f 382/863/358 331/864/358 396/865/358 398/866/358
f 381/867/359 323/868/359 399/869/359 400/870/359
f 323/871/360 367/872/360 401/873/360 399/874/360
f 367/875/361 360/876/361 402/877/361 401/878/361
f 360/879/362 381/880/362 400/881/362 402/882/362
f 327/883/363 368/884/363 403/885/363 404/886/363
f 368/887/364 362/888/364 405/889/364 403/890/364
f 362/891/365 391/892/365 406/893/365 405/894/365
f 391/895/366 327/896/366 404/897/366 406/898/366
f 392/899/367 335/900/367 407/901/367 408/902/367
f 335/903/368 370/904/368 409/905/368 407/906/368
f 370/907/369 366/908/369 410/909/369 409/910/369
f 366/911/370 392/912/370 408/913/370 410/914/370
f 411/915/320 412/916/371 413/917/372
f 411/915/320 413/917/372 414/918/373
f 411/915/320 414/918/373 415/919/374
f 411/915/320 415/919/374 416/920/375
f 411/915/320 416/920/375 417/921/376
f 411/922/320 417/923/376 418/924/377
f 411/922/320 418/924/377 419/925/378
f 411/922/320 419/925/378 420/926/379
f 411/922/320 420/926/379 421/927/380
f 411/922/320 421/927/380 422/928/381
f 411/922/320 422/928/381 423/929/382
f 411/930/320 423/931/382 424/932/383
f 411/930/320 424/932/383 425/933/384
f 411/930/320 425/933/384 426/934/385
f 411/930/320 426/934/385 427/935/386
f 411/930/320 427/935/386 428/936/387
f 411/937/320 428/938/387 429/939/388
f 411/937/320 429/939/388 430/940/389
f 411/937/320 430/940/389 431/941/390
f 411/937/320 431/941/390 432/942/391
f 411/937/320 432/942/391 433/943/392
f 411/937/320 433/943/392 412/944/371
f 412/916/371 434/945/393 435/946/394 413/917/372
f 413/917/372 435/946/394 436/947/395 414/918/373
f 414/918/373 436/947/395 437/948/396 415/919/374
f 415/919/374 437/948/396 438/949/397 416/920/375
f 416/920/375 438/949/397 439/950/398 417/921/376
f 417/923/376 439/951/398 440/952/399 418/924/377
f 418/924/377 440/952/399 441/953/400 419/925/378
f 419/925/378 441/953/400 442/954/401 420/926/379
f 420/926/379 442/954/401 443/955/402 421/927/380
f 421/927/380 443/955/402 444/956/403 422/928/381
f 422/928/381 444/956/403 445/957/404 423/929/382
f 423/931/382 445/958/404 446/959/405 424/932/383
f 424/932/383 446/959/405 447/960/406 425/933/384
f 425/933/384 447/960/406 448/961/407 426/934/385
f 426/934/385 448/961/407 449/962/408 427/935/386
f 427/935/386 449/962/408 450/963/409 428/936/387
f 428/938/387 450/964/409 451/965/410 429/939/388
f 429/939/388 451/965/410 452/966/411 430/940/389
f 430/940/389 452/966/411 453/967/412 431/941/390
f 431/941/390 453/967/412 454/968/413 432/942/391
f 432/942/391 454/968/413 455/969/414 433/943/392
f 433/943/392 455/969/414 434/970/393 412/944/371
f 434/945/393 456/971/415 457/972/416 435/946/394
f 435/946/394 457/972/416 458/973/417 436/947/395
f 436/947/395 458/973/417 459/974/418 437/948/396
f 437/948/396 459/974/418 460/975/419 438/949/397
f 438/949/397 460/975/419 461/976/420 439/950/398
f 439/951/398 461/977/420 462/978/421 440/952/399
f 440/952/399 462/978/421 463/979/422 441/953/400
f 441/953/400 463/979/422 464/980/423 442/954/401
f 442/954/401 464/980/423 465/981/424 443/955/402
f 443/955/402 465/981/424 466/982/425 444/956/403
f 444/956/403 466/982/425 467/983/426 445/957/404
f 445/958/404 467/984/426 468/985/427 446/959/405
f 446/959/405 468/985/427 469/986/428 447/960/406
f 447/960/406 469/986/428 470/987/429 448/961/407
f 448/961/407 470/987/429 471/988/430 449/962/408
f 449/962/408 471/988/430 472/989/431 450/963/409
f 450/964/409 472/990/431 473/991/432 451/965/410
f 451/965/410 473/991/432 474/992/433 452/966/411
f 452/966/411 474/992/433 475/993/434 453/967/412
f 453/967/412 475/993/434 476/994/435 454/968/413
f 454/968/413 476/994/435 477/995/436 455/969/414
f 455/969/414 477/995/436 456/996/415 434/970/393
f 456/971/415 478/997/437 479/998/438 457/972/416
f 457/972/416 479/998/438 480/999/439 458/973/417
f 458/973/417 480/999/439 481/1000/440 459/974/418
f 459/974/418 481/1000/440 482/1001/441 460/975/419
f 460/975/419 482/1001/441 483/1002/442 461/976/420
f 461/977/420 483/1003/442 484/1004/443 462/978/421
f 462/978/421 484/1004/443 485/1005/444 463/979/422
f 463/979/422 485/1005/444 486/1006/445 464/980/423
f 464/980/423 486/1006/445 487/1007/446 465/981/424
f 465/981/424 487/1007/446 488/1008/447 466/982/425
f 466/982/425 488/1008/447 489/1009/448 467/983/426
f 467/984/426 489/1010/448 490/1011/449 468/985/427
f 468/985/427 490/1011/449 491/1012/450 469/986/428
f 469/986/428 491/1012/450 492/1013/451 470/987/429
f 470/987/429 492/1013/451 493/1014/452 471/988/430
f 471/988/430 493/1014/452 494/1015/453 472/989/431
f 472/990/431 494/1016/453 495/1017/454 473/991/432
f 473/991/432 495/1017/454 496/1018/455 474/992/433
f 474/992/433 496/1018/455 497/1019/456 475/993/434
f 475/993/434 497/1019/456 498/1020/457 476/994/435
f 476/994/435 498/1020/457 499/1021/458 477/995/436
f 477/995/436 499/1021/458 478/1022/437 456/996/415
f 478/997/437 500/1023/459 501/1024/460 479/998/438
f 479/998/438 501/1024/460 502/1025/461 480/999/439
f 480/999/439 502/1025/461 503/1026/462 481/1000/440
f 481/1000/440 503/1026/462 504/1027/463 482/1001/441
f 482/1001/441 504/1027/463 505/1028/464 483/1002/442
f 483/1003/442 505/1029/464 506/1030/465 484/1004/443
f 484/1004/443 506/1030/465 507/1031/466 485/1005/444
f 485/1005/444 507/1031/466 508/1032/467 486/1006/445
f 486/1006/445 508/1032/467 509/1033/468 487/1007/446
f 487/1007/446 509/1033/468 510/1034/469 488/1008/447
f 488/1008/447 510/1034/469 511/1035/470 489/1009/448
f 489/1010/448 511/1036/470 512/1037/471 490/1011/449
f 490/1011/449 512/1037/471 513/1038/472 491/1012/450
f 491/1012/450 513/1038/472 514/1039/473 492/1013/451
f 492/1013/451 514/1039/473 515/1040/474 493/1014/452
f 493/1014/452 515/1040/474 516/1041/475 494/1015/453
f 494/1016/453 516/1042/475 517/1043/476 495/1017/454
f 495/1017/454 517/1043/476 518/1044/477 496/1018/455
f 496/1018/455 518/1044/477 519/1045/478 497/1019/456
f 497/1019/456 519/1045/478 520/1046/479 498/1020/457
f 498/1020/457 520/1046/479 521/1047/480 499/1021/458
f 499/1021/458 521/1047/480 500/1048/459 478/1022/437
f 500/1023/459 522/1049/481 523/1050/482 501/1024/460
f 501/1024/460 523/1050/482 524/1051/483 502/1025/461
f 502/1025/461 524/1051/483 525/1052/484 503/1026/462
f 503/1026/462 525/1052/484 526/1053/485 504/1027/463
f 504/1027/463 526/1053/485 527/1054/486 505/1028/464
f 505/1029/464 527/1055/486 528/1056/487 506/1030/465
f 506/1030/465 528/1056/487 529/1057/488 507/1031/466
f 507/1031/466 529/1057/488 530/1058/489 508/1032/467
f 508/1032/467 530/1058/489 531/1059/490 509/1033/468
f 509/1033/468 531/1059/490 532/1060/491 510/1034/469
f 510/1034/469 532/1060/491 533/1061/492 511/1035/470
f 511/1036/470 533/1062/492 534/1063/493 512/1037/471
f 512/1037/471 534/1063/493 535/1064/494 513/1038/472
f 513/1038/472 535/1064/494 536/1065/495 514/1039/473
f 514/1039/473 536/1065/495 537/1066/496 515/1040/474
f 515/1040/474 537/1066/496 538/1067/497 516/1041/475
f 516/1042/475 538/1068/497 539/1069/498 517/1043/476
f 517/1043/476 539/1069/498 540/1070/499 518/1044/477
f 518/1044/477 540/1070/499 541/1071/500 519/1045/478
f 519/1045/478 541/1071/500 542/1072/501 520/1046/479
f 520/1046/479 542/1072/501 543/1073/502 521/1047/480
f 521/1047/480 543/1073/502 522/1074/481 500/1048/459
f 522/1049/481 544/1075/503 545/1076/504 523/1050/482
f 523/1050/482 545/1076/504 546/1077/505 524/1051/483
f 524/1051/483 546/1077/505 547/1078/506 525/1052/484
f 525/1052/484 547/1078/506 548/1079/507 526/1053/485
f 526/1053/485 548/1079/507 549/1080/508 527/1054/486
f 527/1055/486 549/1081/508 550/1082/509 528/1056/487
f 528/1056/487 550/1082/509 551/1083/510 529/1057/488
f 529/1057/488 551/1083/510 552/1084/511 530/1058/489
f 530/1058/489 552/1084/511 553/1085/512 531/1059/490
f 531/1059/490 553/1085/512 554/1086/513 532/1060/491
f 532/1060/491 554/1086/513 555/1087/514 533/1061/492
f 533/1062/492 555/1088/514 556/1089/515 534/1063/493
f 534/1063/493 556/1089/515 557/1090/516 535/1064/494
f 535/1064/494 557/1090/516 558/1091/517 536/1065/495
f 536/1065/495 558/1091/517 559/1092/518 537/1066/496
f 537/1066/496 559/1092/518 560/1093/519 538/1067/497
f 538/1068/497 560/1094/519 561/1095/520 539/1069/498
f 539/1069/498 561/1095/520 562/1096/521 540/1070/499
f 540/1070/499 562/1096/521 563/1097/522 541/1071/500
f 541/1071/500 563/1097/522 564/1098/523 542/1072/501
f 542/1072/501 564/1098/523 565/1099/524 543/1073/502
f 543/1073/502 565/1099/524 544/1100/503 522/1074/481
f 566/1101/525 567/1102/526 568/1103/527 569/1104/528
f 567/1102/526 570/1105/529 571/1106/530 568/1103/527
f 570/1105/529 572/1107/531 573/1108/532 571/1106/530
f 572/1107/531 574/1109/533 575/1110/534 573/1108/532
f 574/1109/533 576/1111/535 577/1112/536 575/1110/534
f 576/1111/535 578/1113/537 579/1114/538 577/1112/536
f 578/1115/537 580/1116/539 581/1117/540 579/1118/538
f 580/1116/539 582/1119/541 583/1120/542 581/1117/540
f 582/1119/541 584/1121/543 585/1122/544 583/1120/542
f 584/1121/543 586/1123/545 587/1124/546 585/1122/544
f 586/1123/545 588/1125/547 589/1126/548 587/1124/546
f 588/1125/547 566/1101/525 569/1104/528 589/1126/548
f 569/1104/528 568/1103/527 590/1127/549 591/1128/550
f 568/1103/527 571/1106/530 592/1129/551 590/1127/549
f 571/1106/530 573/1108/532 593/1130/552 592/1129/551
f 573/1108/532 575/1110/534 594/1131/553 593/1130/552
f 575/1110/534 577/1112/536 595/1132/554 594/1131/553
f 577/1112/536 579/1114/538 596/1133/555 595/1132/554
f 579/1118/538 581/1117/540 597/1134/556 596/1135/555
f 581/1117/540 583/1120/542 598/1136/557 597/1134/556
f 583/1120/542 585/1122/544 599/1137/558 598/1136/557
f 585/1122/544 587/1124/546 600/1138/559 599/1137/558
f 587/1124/546 589/1126/548 601/1139/560 600/1138/559
f 589/1126/548 569/1104/528 591/1128/550 601/1139/560
f 591/1128/550 590/1127/549 602/1140/561 603/1141/562
f 590/1127/549 592/1129/551 604/1142/563 602/1140/561
f 592/1129/551 593/1130/552 605/1143/564 604/1142/563
f 593/1130/552 594/1131/553 606/1144/565 605/1143/564
f 594/1131/553 595/1132/554 607/1145/566 606/1144/565
f 595/1132/554 596/1133/555 608/1146/567 607/1145/566
f 596/1135/555 597/1134/556 609/1147/568 608/1148/567
f 597/1134/556 598/1136/557 610/1149/569 609/1147/568
f 598/1136/557 599/1137/558 611/1150/570 610/1149/569
f 599/1137/558 600/1138/559 612/1151/571 611/1150/570
f 600/1138/559 601/1139/560 613/1152/572 612/1151/571
f 601/1139/560 591/1128/550 603/1141/562 613/1152/572
f 603/1141/562 602/1140/561 614/1153/573 615/1154/574
f 602/1140/561 604/1142/563 616/1155/575 614/1153/573
f 604/1142/563 605/1143/564 617/1156/576 616/1155/575
f 605/1143/564 606/1144/565 618/1157/577 617/1156/576
f 606/1144/565 607/1145/566 619/1158/578 618/1157/577
f 607/1145/566 608/1146/567 620/1159/579 619/1158/578
f 608/1148/567 609/1147/568 621/1160/580 620/1161/579
f 609/1147/568 610/1149/569 622/1162/581 621/1160/580
f 610/1149/569 611/1150/570 623/1163/582 622/1162/581
f 611/1150/570 612/1151/571 624/1164/583 623/1163/582
f 612/1151/571 613/1152/572 625/1165/584 624/1164/583
f 613/1152/572 603/1141/562 615/1154/574 625/1165/584
f 615/1154/574 614/1153/573 626/1166/585 627/1167/586
f 614/1153/573 616/1155/575 628/1168/587 626/1166/585
f 616/1155/575 617/1156/576 629/1169/588 628/1168/587
f 617/1156/576 618/1157/577 630/1170/589 629/1169/588
f 618/1157/577 619/1158/578 631/1171/590 630/1170/589
f 619/1158/578 620/1159/579 632/1172/591 631/1171/590
f 620/1161/579 621/1160/580 633/1173/592 632/1174/591
f 621/1160/580 622/1162/581 634/1175/593 633/1173/592
f 622/1162/581 623/1163/582 635/1176/594 634/1175/593
f 623/1163/582 624/1164/583 636/1177/595 635/1176/594
f 624/1164/583 625/1165/584 637/1178/596 636/1177/595
f 625/1165/584 615/1154/574 627/1167/586 637/1178/596
f 627/1167/586 626/1166/585 638/1179/597 639/1180/598
f 626/1166/585 628/1168/587 640/1181/599 638/1179/597
f 628/1168/587 629/1169/588 641/1182/600 640/1181/599
f 629/1169/588 630/1170/589 642/1183/601 641/1182/600
f 630/1170/589 631/1171/590 643/1184/602 642/1183/601
f 631/1171/590 632/1172/591 644/1185/603 643/1184/602
f 632/1174/591 633/1173/592 645/1186/604 644/1187/603
f 633/1173/592 634/1175/593 646/1188/605 645/1186/604
f 634/1175/593 635/1176/594 647/1189/606 646/1188/605
f 635/1176/594 636/1177/595 648/1190/607 647/1189/606
f 636/1177/595 637/1178/596 649/1191/608 648/1190/607
f 637/1178/596 627/1167/586 639/1180/598 649/1191/608
f 639/1192/598 638/1193/597 650/1194/609 651/1195/610
f 638/1193/597 640/1196/599 652/1197/611 650/1194/609
f 640/1196/599 641/1198/600 653/1199/612 652/1197/611
f 641/1198/600 642/1200/601 654/1201/613 653/1199/612
f 642/1200/601 643/1202/602 655/1203/614 654/1201/613
f 643/1202/602 644/1204/603 656/1205/615 655/1203/614
f 644/1206/603 645/1207/604 657/1208/616 656/1209/615
f 645/1207/604 646/1210/605 658/1211/617 657/1208/616
f 646/1210/605 647/1212/606 659/1213/618 658/1211/617
f 647/1212/606 648/1214/607 660/1215/619 659/1213/618
f 648/1214/607 649/1216/608 661/1217/620 660/1215/619
f 649/1216/608 639/1192/598 651/1195/610 661/1217/620
f 651/1195/610 650/1194/609 662/1218/621 663/1219/622
f 650/1194/609 652/1197/611 664/1220/623 662/1218/621
f 652/1197/611 653/1199/612 665/1221/624 664/1220/623
f 653/1199/612 654/1201/613 666/1222/625 665/1221/624
f 654/1201/613 655/1203/614 667/1223/626 666/1222/625
f 655/1203/614 656/1205/615 668/1224/627 667/1223/626
f 656/1209/615 657/1208/616 669/1225/628 668/1226/627
f 657/1208/616 658/1211/617 670/1227/629 669/1225/628
f 658/1211/617 659/1213/618 671/1228/630 670/1227/629
f 659/1213/618 660/1215/619 672/1229/631 671/1228/630
f 660/1215/619 661/1217/620 673/1230/632 672/1229/631
f 661/1217/620 651/1195/610 663/1219/622 673/1230/632
f 663/1219/622 662/1218/621 674/1231/633 675/1232/634
f 662/1218/621 664/1220/623 676/1233/635 674/1231/633
f 664/1220/623 665/1221/624 677/1234/636 676/1233/635
f 665/1221/624 666/1222/625 678/1235/637 677/1234/636
f 666/1222/625 667/1223/626 679/1236/638 678/1235/637
f 667/1223/626 668/1224/627 680/1237/639 679/1236/638
f 668/1226/627 669/1225/628 681/1238/640 680/1239/639
f 669/1225/628 670/1227/629 682/1240/641 681/1238/640
f 670/1227/629 671/1228/630 683/1241/642 682/1240/641
f 671/1228/630 672/1229/631 684/1242/643 683/1241/642
f 672/1229/631 673/1230/632 685/1243/644 684/1242/643
f 673/1230/632 663/1219/622 675/1232/634 685/1243/644
f 675/1232/634 674/1231/633 686/1244/645 687/1245/646
f 674/1231/633 676/1233/635 688/1246/647 686/1244/645
f 676/1233/635 677/1234/636 689/1247/648 688/1246/647
f 677/1234/636 678/1235/637 690/1248/649 689/1247/648
f 678/1235/637 679/1236/638 691/1249/650 690/1248/649
f 679/1236/638 680/1237/639 692/1250/651 691/1249/650
f 680/1239/639 681/1238/640 693/1251/652 692/1252/651
f 681/1238/640 682/1240/641 694/1253/653 693/1251/652
f 682/1240/641 683/1241/642 695/1254/654 694/1253/653
f 683/1241/642 684/1242/643 696/1255/655 695/1254/654
f 684/1242/643 685/1243/644 697/1256/656 696/1255/655
f 685/1243/644 675/1232/634 687/1245/646 697/1256/656
f 687/1245/646 686/1244/645 698/1257/657 699/1258/658
f 686/1244/645 688/1246/647 700/1259/659 698/1257/657
f 688/1246/647 689/1247/648 701/1260/660 700/1259/659
f 689/1247/648 690/1248/649 702/1261/661 701/1260/660
f 690/1248/649 691/1249/650 703/1262/662 702/1261/661
f 691/1249/650 692/1250/651 704/1263/663 703/1262/662
f 692/1252/651 693/1251/652 705/1264/664 704/1265/663
f 693/1251/652 694/1253/653 706/1266/665 705/1264/664
f 694/1253/653 695/1254/654 707/1267/666 706/1266/665
f 695/1254/654 696/1255/655 708/1268/667 707/1267/666
f 696/1255/655 697/1256/656 709/1269/668 708/1268/667
f 697/1256/656 687/1245/646 699/1258/658 709/1269/668
f 710/1270/669 711/1271/670 712/1272/671 713/1273/555
f 711/1271/670 714/1274/672 715/1275/673 712/1272/671
f 714/1274/672 716/1276/674 717/1277/675 715/1275/673
f 716/1276/674 718/1278/676 719/1279/677 717/1277/675
f 718/1278/676 720/1280/678 721/1281/679 719/1279/677
f 720/1280/678 722/1282/680 723/1283/550 721/1281/679
f 722/1284/680 724/1285/681 725/1286/682 723/1287/550
f 724/1285/681 726/1288/683 727/1289/684 725/1286/682
f 726/1288/683 728/1290/685 729/1291/686 727/1289/684
f 728/1290/685 730/1292/687 731/1293/688 729/1291/686
f 730/1292/687 732/1294/689 733/1295/690 731/1293/688
f 732/1294/689 710/1270/669 713/1273/555 733/1295/690
f 713/1273/555 712/1272/671 734/1296/691 735/1297/692
f 712/1272/671 715/1275/673 736/1298/693 734/1296/691
f 715/1275/673 717/1277/675 737/1299/694 736/1298/693
f 717/1277/675 719/1279/677 738/1300/695 737/1299/694
f 719/1279/677 721/1281/679 739/1301/696 738/1300/695
f 721/1281/679 723/1283/550 740/1302/697 739/1301/696
f 723/1287/550 725/1286/682 741/1303/698 740/1304/697
f 725/1286/682 727/1289/684 742/1305/699 741/1303/698
f 727/1289/684 729/1291/686 743/1306/700 742/1305/699
f 729/1291/686 731/1293/688 744/1307/701 743/1306/700
f 731/1293/688 733/1295/690 745/1308/702 744/1307/701
f 733/1295/690 713/1273/555 735/1297/692 745/1308/702
f 735/1297/692 734/1296/691 746/1309/703 747/1310/579
f 734/1296/691 736/1298/693 748/1311/704 746/1309/703
f 736/1298/693 737/1299/694 749/1312/705 748/1311/704
f 737/1299/694 738/1300/695 750/1313/706 749/1312/705
f 738/1300/695 739/1301/696 751/1314/707 750/1313/706
f 739/1301/696 740/1302/697 752/1315/574 751/1314/707
f 740/1304/697 741/1303/698 753/1316/708 752/1317/574
f 741/1303/698 742/1305/699 754/1318/709 753/1316/708
f 742/1305/699 743/1306/700 755/1319/710 754/1318/709
f 743/1306/700 744/1307/701 756/1320/711 755/1319/710
f 744/1307/701 745/1308/702 757/1321/712 756/1320/711
f 745/1308/702 735/1297/692 747/1310/579 757/1321/712
f 747/1310/579 746/1309/703 758/1322/713 759/1323/591
f 746/1309/703 748/1311/704 760/1324/714 758/1322/713
f 748/1311/704 749/1312/705 761/1325/715 760/1324/714
f 749/1312/705 750/1313/706 762/1326/716 761/1325/715
f 750/1313/706 751/1314/707 763/1327/717 762/1326/716
f 751/1314/707 752/1315/574 764/1328/586 763/1327/717
f 752/1317/574 753/1316/708 765/1329/718 764/1330/586
f 753/1316/708 754/1318/709 766/1331/719 765/1329/718
f 754/1318/709 755/1319/710 767/1332/720 766/1331/719
f 755/1319/710 756/1320/711 768/1333/721 767/1332/720
f 756/1320/711 757/1321/712 769/1334/722 768/1333/721
f 757/1321/712 747/1310/579 759/1323/591 769/1334/722
f 759/1323/591 758/1322/713 770/1335/723 771/1336/603
f 758/1322/713 760/1324/714 772/1337/724 770/1335/723
f 760/1324/714 761/1325/715 773/1338/725 772/1337/724
f 761/1325/715 762/1326/716 774/1339/726 773/1338/725
f 762/1326/716 763/1327/717 775/1340/727 774/1339/726
f 763/1327/717 764/1328/586 776/1341/598 775/1340/727
f 764/1330/586 765/1329/718 777/1342/728 776/1343/598
f 765/1329/718 766/1331/719 778/1344/729 777/1342/728
f 766/1331/719 767/1332/720 779/1345/730 778/1344/729
f 767/1332/720 768/1333/721 780/1346/731 779/1345/730
f 768/1333/721 769/1334/722 781/1347/732 780/1346/731
f 769/1334/722 759/1323/591 771/1336/603 781/1347/732
f 771/1348/603 770/1349/723 782/1350/733 783/1351/615
f 770/1349/723 772/1352/724 784/1353/734 782/1350/733
f 772/1352/724 773/1354/725 785/1355/735 784/1353/734
f 773/1354/725 774/1356/726 786/1357/736 785/1355/735
f 774/1356/726 775/1358/727 787/1359/737 786/1357/736
f 775/1358/727 776/1360/598 788/1361/610 787/1359/737
f 776/1362/598 777/1363/728 789/1364/738 788/1365/610
f 777/1363/728 778/1366/729 790/1367/739 789/1364/738
f 778/1366/729 779/1368/730 791/1369/740 790/1367/739
f 779/1368/730 780/1370/731 792/1371/741 791/1369/740
f 780/1370/731 781/1372/732 793/1373/742 792/1371/741
f 781/1372/732 771/1348/603 783/1351/615 793/1373/742
f 783/1351/615 782/1350/733 794/1374/743 795/1375/627
f 782/1350/733 784/1353/734 796/1376/744 794/1374/743
f 784/1353/734 785/1355/735 797/1377/745 796/1376/744
f 785/1355/735 786/1357/736 798/1378/746 797/1377/745
f 786/1357/736 787/1359/737 799/1379/747 798/1378/746
f 787/1359/737 788/1361/610 800/1380/622 799/1379/747
f 788/1365/610 789/1364/738 801/1381/748 800/1382/622
f 789/1364/738 790/1367/739 802/1383/749 801/1381/748
f 790/1367/739 791/1369/740 803/1384/750 802/1383/749
f 791/1369/740 792/1371/741 804/1385/751 803/1384/750
f 792/1371/741 793/1373/742 805/1386/752 804/1385/751
f 793/1373/742 783/1351/615 795/1375/627 805/1386/752
f 795/1375/627 794/1374/743 806/1387/753 807/1388/639
f 794/1374/743 796/1376/744 808/1389/754 806/1387/753
f 796/1376/744 797/1377/745 809/1390/755 808/1389/754
f 797/1377/745 798/1378/746 810/1391/756 809/1390/755
f 798/1378/746 799/1379/747 811/1392/757 810/1391/756
f 799/1379/747 800/1380/622 812/1393/634 811/1392/757
f 800/1382/622 801/1381/748 813/1394/758 812/1395/634
f 801/1381/748 802/1383/749 814/1396/759 813/1394/758
f 802/1383/749 803/1384/750 815/1397/760 814/1396/759
f 803/1384/750 804/1385/751 816/1398/761 815/1397/760
f 804/1385/751 805/1386/752 817/1399/762 816/1398/761
f 805/1386/752 795/1375/627 807/1388/639 817/1399/762
f 807/1388/639 806/1387/753 818/1400/763 819/1401/651
f 806/1387/753 808/1389/754 820/1402/764 818/1400/763
f 808/1389/754 809/1390/755 821/1403/765 820/1402/764
f 809/1390/755 810/1391/756 822/1404/766 821/1403/765
f 810/1391/756 811/1392/757 823/1405/767 822/1404/766
f 811/1392/757 812/1393/634 824/1406/646 823/1405/767
f 812/1395/634 813/1394/758 825/1407/768 824/1408/646
f 813/1394/758 814/1396/759 826/1409/769 825/1407/768
f 814/1396/759 815/1397/760 827/1410/770 826/1409/769
f 815/1397/760 816/1398/761 828/1411/771 827/1410/770
f 816/1398/761 817/1399/762 829/1412/772 828/1411/771
f 817/1399/762 807/1388/639 819/1401/651 829/1412/772
f 819/1401/651 818/1400/763 830/1413/773 831/1414/774
f 818/1400/763 820/1402/764 832/1415/775 830/1413/773
f 820/1402/764 821/1403/765 833/1416/776 832/1415/775
f 821/1403/765 822/1404/766 834/1417/777 833/1416/776
f 822/1404/766 823/1405/767 835/1418/778 834/1417/777
f 823/1405/767 824/1406/646 836/1419/779 835/1418/778
f 824/1408/646 825/1407/768 837/1420/780 836/1421/779
f 825/1407/768 826/1409/769 838/1422/781 837/1420/780
f 826/1409/769 827/1410/770 839/1423/782 838/1422/781
f 827/1410/770 828/1411/771 840/1424/783 839/1423/782
f 828/1411/771 829/1412/772 841/1425/784 840/1424/783
f 829/1412/772 819/1401/651 831/1414/774 841/1425/784
f 831/1414/774 830/1413/773 567/1426/526 566/1427/525
f 830/1413/773 832/1415/775 570/1428/529 567/1426/526
f 832/1415/775 833/1416/776 572/1429/531 570/1428/529
f 833/1416/776 834/1417/777 574/1430/533 572/1429/531
f 834/1417/777 835/1418/778 576/1431/535 574/1430/533
f 835/1418/778 836/1419/779 578/1432/537 576/1431/535
f 836/1421/779 837/1420/780 580/1433/539 578/1434/537
f 837/1420/780 838/1422/781 582/1435/541 580/1433/539
f 838/1422/781 839/1423/782 584/1436/543 582/1435/541
f 839/1423/782 840/1424/783 586/1437/545 584/1436/543
f 840/1424/783 841/1425/784 588/1438/547 586/1437/545
f 841/1425/784 831/1414/774 566/1427/525 588/1438/547

g Cylinder001

v -14.983885 14.365864 -6.530103
v -15.214170 14.365864 -6.436006
v -15.214170 15.161564 -6.436006
v -15.060436 15.161564 -6.509027
v -15.333626 14.365864 -6.314957
v -15.333626 15.161564 -6.314957
v -15.404492 14.365864 -6.160198
v -15.404492 15.161564 -6.160198
v -15.418164 14.365864 -5.990588
v -15.418164 15.161564 -5.990588
v -15.372992 14.365864 -5.826492
v -15.372992 15.161564 -5.826492
v -15.274438 14.365864 -5.687771
v -15.274438 15.161564 -5.687771
v -15.134378 14.365864 -5.591184
v -15.134378 15.161564 -5.591184
v -14.969772 14.365864 -5.548228
v -14.969772 15.161564 -5.548228
v -14.723778 14.365864 -5.585253
v -14.800327 15.161564 -5.564178
v -14.570044 14.365864 -5.658271
v -14.646595 15.161564 -5.637197
v -14.450518 14.365864 -5.779444
v -14.527069 15.161564 -5.758371
v -14.379721 14.365864 -5.934078
v -14.456179 15.161564 -5.913032
v -14.366049 14.365864 -6.103693
v -14.442507 15.161564 -6.082644
v -14.411222 14.365864 -6.267788
v -14.487679 15.161564 -6.246741
v -14.509775 14.365864 -6.406505
v -14.586231 15.161564 -6.385458
v -14.649765 14.365864 -6.503219
v -14.726318 15.161564 -6.482143
v -14.814440 14.365864 -6.546044
v -14.890991 15.161564 -6.524973
v -15.181836 15.946664 -6.434220
v -15.058786 15.946664 -6.497759
v -15.297620 15.946664 -6.316778
v -15.366198 15.946664 -6.166905
v -15.379463 15.946664 -6.002589
v -15.335693 15.946664 -5.843603
v -15.224479 15.880565 -5.764379
v -15.080051 15.880565 -5.723137
v -14.952456 15.880565 -5.689907
v -14.847072 15.880565 -5.695168
v -14.727909 15.880565 -5.751722
v -14.562312 15.880565 -5.865667
v -14.507456 15.880565 -5.985522
v -14.449739 15.880565 -6.130024
v -14.484746 15.880565 -6.257195
v -14.526438 15.946664 -6.398082
v -14.662157 15.946664 -6.491714
v -14.821733 15.946664 -6.533354
v -15.210089 16.637665 -6.401969
v -15.055079 16.637665 -6.472228
v -15.317462 16.637665 -6.293169
v -15.381156 16.637665 -6.154176
v -15.393440 16.637665 -6.001749
v -15.352856 16.637665 -5.854331
v -15.231424 16.637665 -5.786219
v -15.133076 16.637665 -5.688935
v -14.995264 16.637665 -5.678125
v -14.847072 16.637665 -5.695168
v -14.727909 16.637665 -5.751722
v -14.635297 16.637665 -5.845572
v -14.580344 16.637665 -5.965456
v -14.569773 16.637665 -6.096980
v -14.604782 16.637665 -6.224147
v -14.629036 16.637665 -6.361229
v -14.754890 16.637665 -6.448040
v -14.902916 16.637665 -6.486528
v -15.134876 17.207462 -6.396641
v -14.997601 17.207462 -6.459734
v -15.233343 17.207462 -6.296927
v -15.291611 17.207462 -6.169495
v -15.302959 17.207462 -6.029873
v -15.265774 17.207462 -5.894797
v -15.171648 17.207462 -5.802676
v -15.063179 17.207462 -5.727781
v -14.935486 17.207462 -5.694578
v -14.793467 17.207462 -5.709925
v -14.674303 17.207462 -5.766481
v -14.581692 17.207462 -5.860331
v -14.526738 17.207462 -5.980213
v -14.516167 17.207462 -6.111737
v -14.551176 17.207462 -6.238906
v -14.607171 17.207462 -6.357914
v -14.722448 17.207462 -6.437573
v -14.858075 17.207462 -6.472841
v -15.167819 17.730762 -6.370867
v -15.048656 17.730762 -6.427431
v -15.260405 17.730762 -6.276927
v -15.315357 17.730762 -6.157041
v -15.325953 17.730762 -6.025618
v -15.290947 17.730762 -5.898448
v -15.214552 17.730762 -5.790865
v -15.105987 17.730762 -5.715997
v -14.978392 17.730762 -5.682767
v -14.847072 17.730762 -5.695168
v -14.727909 17.730762 -5.751722
v -14.635297 17.730762 -5.845572
v -14.580344 17.730762 -5.965456
v -14.569773 17.730762 -6.096980
v -14.604782 17.730762 -6.224147
v -14.681150 17.730762 -6.331633
v -14.789715 17.730762 -6.406503
v -14.917336 17.730762 -6.439823
v -14.895674 17.692463 -6.088500
v -14.897772 17.692463 -6.100300
v -14.899775 17.765663 -6.088400
v -14.897772 17.765663 -6.077400
v -14.903772 17.692463 -6.110701
v -14.905375 17.765663 -6.098101
v -14.912874 17.692463 -6.118401
v -14.913973 17.765663 -6.105400
v -14.924173 17.692463 -6.122500
v -14.924475 17.765663 -6.109200
v -14.936075 17.692463 -6.122500
v -14.935774 17.765663 -6.109200
v -14.947374 17.692463 -6.118401
v -14.946272 17.765663 -6.105400
v -14.956472 17.692463 -6.110701
v -14.954874 17.765663 -6.098101
v -14.962473 17.692463 -6.100300
v -14.960474 17.765663 -6.088400
v -14.964575 17.692463 -6.088500
v -14.962473 17.765663 -6.077400
v -14.962473 17.692463 -6.076800
v -14.960474 17.765663 -6.066300
v -14.956472 17.692463 -6.066401
v -14.954874 17.765663 -6.056601
v -14.947374 17.692463 -6.058701
v -14.946272 17.765663 -6.049400
v -14.936075 17.692463 -6.054600
v -14.935774 17.765663 -6.045500
v -14.924173 17.692463 -6.054600
v -14.924574 17.765663 -6.045500
v -14.912874 17.692463 -6.058701
v -14.913973 17.765663 -6.049400
v -14.903772 17.692463 -6.066401
v -14.905375 17.765663 -6.056601
v -14.897772 17.692463 -6.076800
v -14.899775 17.765663 -6.066300
v -14.903074 17.827763 -6.085600
v -14.901373 17.827763 -6.075700
v -14.908075 17.827763 -6.094200
v -14.915773 17.827763 -6.100700
v -14.925173 17.827763 -6.104100
v -14.935175 17.827763 -6.104100
v -14.944574 17.827763 -6.100700
v -14.952173 17.827763 -6.094200
v -14.957174 17.827763 -6.085600
v -14.958975 17.827763 -6.075700
v -14.957174 17.827763 -6.065900
v -14.952173 17.827763 -6.057200
v -14.944574 17.827763 -6.050800
v -14.935175 17.827763 -6.047400
v -14.925173 17.827763 -6.047400
v -14.915773 17.827763 -6.050800
v -14.908075 17.827763 -6.057200
v -14.903074 17.827763 -6.065900
v -14.907072 17.876163 -6.090600
v -14.905573 17.876163 -6.082200
v -14.911272 17.876163 -6.098001
v -14.917875 17.876163 -6.103500
v -14.925875 17.876163 -6.106400
v -14.934374 17.876163 -6.106400
v -14.942373 17.876163 -6.103500
v -14.948973 17.876163 -6.098001
v -14.953173 17.876163 -6.090600
v -14.954672 17.876163 -6.082200
v -14.953173 17.876163 -6.073800
v -14.948973 17.876163 -6.066401
v -14.942373 17.876163 -6.060901
v -14.934374 17.876163 -6.058001
v -14.925875 17.876163 -6.058001
v -14.917875 17.876163 -6.060901
v -14.911272 17.876163 -6.066401
v -14.907072 17.876163 -6.073800
v -14.910574 17.917065 -6.100700
v -14.909372 17.917065 -6.093600
v -14.914175 17.917065 -6.107000
v -14.919775 17.917065 -6.111600
v -14.926474 17.917065 -6.114100
v -14.933775 17.917065 -6.114100
v -14.940573 17.917065 -6.111600
v -14.946074 17.917065 -6.107000
v -14.949675 17.917065 -6.100700
v -14.950975 17.917065 -6.093600
v -14.949675 17.917065 -6.086500
v -14.946074 17.917065 -6.080200
v -14.940573 17.917065 -6.075601
v -14.933775 17.917065 -6.073100
v -14.926474 17.917065 -6.073100
v -14.919775 17.917065 -6.075601
v -14.914175 17.917065 -6.080200
v -14.910574 17.917065 -6.086500
v -14.915773 17.944065 -6.109800
v -14.914873 17.944065 -6.104600
v -14.918474 17.944065 -6.114400
v -14.922472 17.944065 -6.117800
v -14.927473 17.944065 -6.119600
v -14.932772 17.944065 -6.119600
v -14.937773 17.944065 -6.117800
v -14.941774 17.944065 -6.114400
v -14.944475 17.944065 -6.109800
v -14.945375 17.944065 -6.104600
v -14.944475 17.944065 -6.099401
v -14.941774 17.944065 -6.094800
v -14.937773 17.944065 -6.091400
v -14.932772 17.944065 -6.089601
v -14.927473 17.944065 -6.089601
v -14.922472 17.944065 -6.091400
v -14.918474 17.944065 -6.094800
v -14.915773 17.944065 -6.099401
v -14.901363 18.158363 -6.124500
v -14.911362 18.138065 -6.138500
v -14.920364 18.138065 -6.136701
v -14.928062 18.138065 -6.131600
v -14.933163 18.138065 -6.124001
v -14.934963 18.138065 -6.114901
v -14.933163 18.138065 -6.105900
v -14.928062 18.138065 -6.098300
v -14.920364 18.138065 -6.093201
v -14.911362 18.138065 -6.091400
v -14.902363 18.138065 -6.093201
v -14.894764 18.138065 -6.098300
v -14.889664 18.138065 -6.105900
v -14.887863 18.138065 -6.115000
v -14.889664 18.138065 -6.124001
v -14.894764 18.138065 -6.131600
v -14.902363 18.138065 -6.136701
v -14.924862 18.103165 -6.156200
v -14.945965 18.103165 -6.152000
v -14.963764 18.103165 -6.140100
v -14.975662 18.103165 -6.122200
v -14.979862 18.103165 -6.101200
v -14.975662 18.103165 -6.080100
v -14.963764 18.103165 -6.062301
v -14.945965 18.103165 -6.050400
v -14.924862 18.103165 -6.046200
v -14.903862 18.103165 -6.050400
v -14.886063 18.103165 -6.062301
v -14.874062 18.103165 -6.080100
v -14.869965 18.103165 -6.101200
v -14.874062 18.103165 -6.122200
v -14.886063 18.103165 -6.140100
v -14.903862 18.103165 -6.152000
v -14.935062 18.063362 -6.174601
v -14.967663 18.063362 -6.168100
v -14.995361 18.063362 -6.149600
v -15.013863 18.063362 -6.122001
v -15.020264 18.063362 -6.089400
v -15.013863 18.063362 -6.056800
v -14.995361 18.063362 -6.029100
v -14.967663 18.063362 -6.010700
v -14.935062 18.063362 -6.004200
v -14.902462 18.063362 -6.010700
v -14.874863 18.063362 -6.029100
v -14.856361 18.063362 -6.056800
v -14.849865 18.063362 -6.089400
v -14.856361 18.063362 -6.122001
v -14.874863 18.063362 -6.149600
v -14.902462 18.063362 -6.168100
v -14.942265 18.001163 -6.180901
v -14.981564 18.001163 -6.173000
v -15.014862 18.001163 -6.150800
v -15.037064 18.001163 -6.117500
v -15.044865 18.001163 -6.078200
v -15.037064 18.001163 -6.038900
v -15.014862 18.001163 -6.005600
v -14.981564 18.001163 -5.983400
v -14.942265 18.001163 -5.975500
v -14.902962 18.001163 -5.983400
v -14.869663 18.001163 -6.005600
v -14.847363 18.001163 -6.038900
v -14.839561 18.001163 -6.078200
v -14.847363 18.001163 -6.117500
v -14.869663 18.001163 -6.150800
v -14.902962 18.001163 -6.173000
v -14.942162 17.947563 -6.184700
v -14.984264 17.947563 -6.176300
v -15.020061 17.947563 -6.152400
v -15.043861 17.947563 -6.116700
v -15.052261 17.947563 -6.074600
v -15.043861 17.947563 -6.032400
v -15.020061 17.947563 -5.996700
v -14.984264 17.947563 -5.972800
v -14.942162 17.947563 -5.964400
v -14.899963 17.947563 -5.972800
v -14.864262 17.947563 -5.996700
v -14.840363 17.947563 -6.032400
v -14.831963 17.947563 -6.074600
v -14.840363 17.947563 -6.116700
v -14.864162 17.947563 -6.152400
v -14.899963 17.947563 -6.176300
v -14.938564 17.893463 -6.174400
v -14.976463 17.893463 -6.166800
v -15.008564 17.893463 -6.145400
v -15.029964 17.893463 -6.113300
v -15.037563 17.893463 -6.075400
v -15.029964 17.893463 -6.037500
v -15.008564 17.893463 -6.005401
v -14.976463 17.893463 -5.983900
v -14.938564 17.893463 -5.976400
v -14.900661 17.893463 -5.983900
v -14.868565 17.893463 -6.005401
v -14.847065 17.893463 -6.037500
v -14.839561 17.893463 -6.075400
v -14.847065 17.893463 -6.113300
v -14.868462 17.893463 -6.145400
v -14.900661 17.893463 -6.166800
v -14.934662 17.849064 -6.154500
v -14.963665 17.849064 -6.148700
v -14.988262 17.849064 -6.132300
v -15.004662 17.849064 -6.107700
v -15.010464 17.849064 -6.078700
v -15.004662 17.849064 -6.049700
v -14.988262 17.849064 -6.025100
v -14.963665 17.849064 -6.008700
v -14.934662 17.849064 -6.002900
v -14.905663 17.849064 -6.008700
v -14.881062 17.849064 -6.025100
v -14.864662 17.849064 -6.049700
v -14.858864 17.849064 -6.078700
v -14.864563 17.849064 -6.107700
v -14.880962 17.849064 -6.132300
v -14.905563 17.849064 -6.148700
v -14.931763 17.812363 -6.082800
v -14.947851 17.730762 -6.061249
# 331 positions

vt 0.676700 0.041200
vt 0.744900 0.053800
vt 0.704800 0.271900
vt 0.657900 0.263900
vt 0.791500 0.062400
vt 0.751400 0.280200
vt 0.838200 0.071000
vt 0.797900 0.288800
vt 0.884900 0.079700
vt 0.844400 0.297800
vt 0.000500 0.007700
vt 0.047000 0.005700
vt 0.055900 0.221800
vt 0.009600 0.225100
vt 0.093500 0.003900
vt 0.101300 0.218500
vt 0.140400 0.002400
vt 0.146200 0.216600
vt 0.187400 0.001300
vt 0.190900 0.215800
vt 0.256000 0.000500
vt 0.235500 0.215100
vt 0.303200 0.000500
vt 0.280600 0.216000
vt 0.350200 0.001300
vt 0.326200 0.218800
vt 0.397200 0.003300
vt 0.372400 0.222900
vt 0.444000 0.006700
vt 0.419300 0.228500
vt 0.490800 0.011400
vt 0.467300 0.234500
vt 0.537500 0.017600
vt 0.515200 0.241200
vt 0.583800 0.024800
vt 0.563100 0.248400
vt 0.630200 0.032800
vt 0.610800 0.256000
vt 0.662000 0.485600
vt 0.624600 0.478700
vt 0.706900 0.494100
vt 0.752100 0.502900
vt 0.797300 0.512000
vt 0.076900 0.438900
vt 0.030700 0.441100
vt 0.114600 0.418700
vt 0.158100 0.417800
vt 0.196500 0.416900
vt 0.227600 0.417400
vt 0.266000 0.418500
vt 0.323100 0.420400
vt 0.360000 0.423200
vt 0.402300 0.426800
vt 0.437300 0.431800
vt 0.474200 0.453100
vt 0.517000 0.460000
vt 0.560300 0.467400
vt 0.635600 0.675200
vt 0.588800 0.666900
vt 0.677000 0.683200
vt 0.718200 0.691900
vt 0.759600 0.701400
vt 0.071300 0.629600
vt 0.029900 0.631500
vt 0.108800 0.630800
vt 0.146400 0.631200
vt 0.184300 0.632600
vt 0.225900 0.634300
vt 0.263300 0.635900
vt 0.301200 0.637700
vt 0.339600 0.639700
vt 0.378200 0.642100
vt 0.416700 0.644900
vt 0.457900 0.648100
vt 0.502400 0.653700
vt 0.546100 0.660000
vt 0.593300 0.830500
vt 0.551600 0.823000
vt 0.632300 0.838100
vt 0.671400 0.846400
vt 0.710000 0.855300
vt 0.078300 0.789400
vt 0.039400 0.789600
vt 0.115400 0.790000
vt 0.152900 0.790700
vt 0.190000 0.792000
vt 0.229500 0.793500
vt 0.265400 0.795100
vt 0.300700 0.796900
vt 0.335500 0.798900
vt 0.369900 0.801100
vt 0.404500 0.804000
vt 0.439200 0.806800
vt 0.476100 0.811300
vt 0.513600 0.816800
vt 0.574000 0.976500
vt 0.538300 0.968700
vt 0.609700 0.984200
vt 0.645500 0.992000
vt 0.681700 0.999500
vt 0.070100 0.934700
vt 0.033900 0.933400
vt 0.105600 0.935700
vt 0.141500 0.936300
vt 0.177200 0.936600
vt 0.213000 0.936900
vt 0.249000 0.937300
vt 0.285000 0.938200
vt 0.321300 0.939700
vt 0.357700 0.942100
vt 0.394000 0.945300
vt 0.430500 0.949500
vt 0.466600 0.954900
vt 0.502500 0.961400
vt 0.963900 0.895200
vt 0.967300 0.895000
vt 0.964900 0.915900
vt 0.961900 0.915900
vt 0.970800 0.895000
vt 0.968100 0.916100
vt 0.974200 0.895100
vt 0.971200 0.916400
vt 0.977700 0.895500
vt 0.974400 0.916800
vt 0.981100 0.896000
vt 0.977700 0.917300
vt 0.919400 0.896600
vt 0.922800 0.896100
vt 0.926300 0.916900
vt 0.923200 0.917400
vt 0.926200 0.895900
vt 0.929500 0.916500
vt 0.929600 0.895800
vt 0.932500 0.916300
vt 0.933000 0.895900
vt 0.935600 0.916200
vt 0.936400 0.896000
vt 0.938600 0.916100
vt 0.939800 0.896100
vt 0.941500 0.916100
vt 0.943200 0.896100
vt 0.944400 0.916100
vt 0.946600 0.896100
vt 0.947200 0.916100
vt 0.950000 0.896000
vt 0.950100 0.916100
vt 0.953500 0.895900
vt 0.953000 0.916000
vt 0.956900 0.895700
vt 0.955900 0.915900
vt 0.960400 0.895400
vt 0.958900 0.915900
vt 0.962900 0.933000
vt 0.960200 0.932600
vt 0.965600 0.933500
vt 0.968400 0.934100
vt 0.971300 0.934700
vt 0.974200 0.935300
vt 0.929400 0.934300
vt 0.926600 0.934900
vt 0.932200 0.933700
vt 0.934900 0.933100
vt 0.937500 0.932600
vt 0.940100 0.932200
vt 0.942700 0.931900
vt 0.945200 0.931700
vt 0.947600 0.931600
vt 0.950100 0.931600
vt 0.952500 0.931700
vt 0.955000 0.931900
vt 0.957600 0.932200
vt 0.961000 0.946500
vt 0.958800 0.945800
vt 0.963300 0.947400
vt 0.965700 0.948100
vt 0.968200 0.948900
vt 0.970700 0.949500
vt 0.932300 0.948100
vt 0.929800 0.948800
vt 0.934600 0.947300
vt 0.936800 0.946500
vt 0.939100 0.945700
vt 0.941300 0.945100
vt 0.943400 0.944500
vt 0.945600 0.944100
vt 0.947800 0.943900
vt 0.950000 0.944000
vt 0.952200 0.944200
vt 0.954400 0.944600
vt 0.956600 0.945100
vt 0.959100 0.958500
vt 0.957300 0.957500
vt 0.961000 0.959400
vt 0.963000 0.960300
vt 0.965000 0.961200
vt 0.967200 0.961800
vt 0.934900 0.960100
vt 0.932900 0.960900
vt 0.936800 0.959200
vt 0.938700 0.958300
vt 0.940500 0.957400
vt 0.942300 0.956600
vt 0.944200 0.955900
vt 0.946000 0.955500
vt 0.947900 0.955200
vt 0.949800 0.955300
vt 0.951700 0.955500
vt 0.953600 0.956000
vt 0.955500 0.956700
vt 0.957700 0.967300
vt 0.956200 0.966400
vt 0.959300 0.968100
vt 0.960800 0.968800
vt 0.962400 0.969500
vt 0.964000 0.970000
vt 0.937000 0.968300
vt 0.935600 0.969000
vt 0.938500 0.967600
vt 0.940000 0.966800
vt 0.941400 0.966100
vt 0.943000 0.965400
vt 0.944600 0.964800
vt 0.946200 0.964400
vt 0.947900 0.964300
vt 0.949600 0.964300
vt 0.951300 0.964600
vt 0.953000 0.965000
vt 0.954600 0.965700
vt 0.831900 0.748800
vt 0.836400 0.742500
vt 0.838900 0.743400
vt 0.776300 0.772200
vt 0.774700 0.763400
vt 0.777100 0.762200
vt 0.779800 0.761700
vt 0.782400 0.762100
vt 0.784900 0.763300
vt 0.968900 0.129300
vt 0.963600 0.118400
vt 0.966000 0.117400
vt 0.968700 0.117200
vt 0.971200 0.118000
vt 0.973400 0.119500
vt 0.809900 0.666600
vt 0.802800 0.658300
vt 0.805400 0.657800
vt 0.808100 0.658100
vt 0.810600 0.658900
vt 0.812900 0.660300
vt 0.828500 0.742700
vt 0.831100 0.742300
vt 0.833800 0.742200
vt 0.842500 0.732200
vt 0.848600 0.733800
vt 0.772700 0.750000
vt 0.778500 0.747500
vt 0.784500 0.746600
vt 0.790600 0.747300
vt 0.796500 0.749600
vt 0.956700 0.102100
vt 0.962500 0.100200
vt 0.968600 0.100000
vt 0.974500 0.101500
vt 0.979700 0.104800
vt 0.793300 0.645100
vt 0.799500 0.644300
vt 0.805700 0.645000
vt 0.811600 0.646900
vt 0.817100 0.649900
vt 0.823900 0.732300
vt 0.830100 0.731500
vt 0.836400 0.731500
vt 0.847400 0.720400
vt 0.856800 0.722000
vt 0.770300 0.735900
vt 0.779300 0.733200
vt 0.788100 0.732000
vt 0.797000 0.732500
vt 0.806200 0.734700
vt 0.951100 0.085600
vt 0.960300 0.083500
vt 0.969200 0.083600
vt 0.977900 0.085600
vt 0.986300 0.089700
vt 0.786000 0.630200
vt 0.795600 0.630000
vt 0.804500 0.631400
vt 0.813200 0.634000
vt 0.821900 0.637800
vt 0.819700 0.720100
vt 0.829200 0.719600
vt 0.838300 0.719700
vt 0.850900 0.703300
vt 0.862400 0.704100
vt 0.768900 0.717000
vt 0.780200 0.715600
vt 0.790900 0.714900
vt 0.801600 0.714800
vt 0.812900 0.715600
vt 0.948800 0.065600
vt 0.960100 0.065000
vt 0.970600 0.065600
vt 0.981100 0.067400
vt 0.992100 0.070600
vt 0.782600 0.610400
vt 0.794000 0.611700
vt 0.804800 0.613800
vt 0.815600 0.616400
vt 0.826700 0.619800
vt 0.817000 0.701800
vt 0.828600 0.702100
vt 0.839800 0.702700
vt 0.851600 0.688700
vt 0.863500 0.688600
vt 0.767900 0.700900
vt 0.780300 0.701200
vt 0.791500 0.701000
vt 0.802500 0.700500
vt 0.814200 0.699500
vt 0.949600 0.049300
vt 0.961700 0.050800
vt 0.972600 0.052000
vt 0.983500 0.053000
vt 0.995900 0.054300
vt 0.784400 0.594300
vt 0.795900 0.597100
vt 0.806900 0.599500
vt 0.818000 0.601800
vt 0.830200 0.604000
vt 0.816800 0.685800
vt 0.828800 0.687300
vt 0.840200 0.688200
vt 0.850300 0.674100
vt 0.860900 0.672800
vt 0.769500 0.684300
vt 0.780300 0.686400
vt 0.790400 0.686900
vt 0.800500 0.686000
vt 0.811000 0.683400
vt 0.954300 0.032700
vt 0.965100 0.036400
vt 0.975000 0.038100
vt 0.985100 0.038500
vt 0.996100 0.037400
vt 0.790800 0.579400
vt 0.800800 0.583500
vt 0.810400 0.586100
vt 0.820300 0.587500
vt 0.831200 0.587700
vt 0.820000 0.670300
vt 0.830200 0.672800
vt 0.840200 0.674100
vt 0.847700 0.661700
vt 0.855600 0.659300
vt 0.773500 0.670100
vt 0.781200 0.673100
vt 0.788800 0.673900
vt 0.796500 0.672700
vt 0.804200 0.669300
vt 0.962200 0.018800
vt 0.969500 0.023000
vt 0.977200 0.024900
vt 0.985000 0.024700
vt 0.993000 0.022300
vt 0.800000 0.567500
vt 0.807000 0.572000
vt 0.814100 0.574400
vt 0.821600 0.575000
vt 0.829500 0.573700
vt 0.825500 0.657500
vt 0.833000 0.660800
vt 0.840300 0.662100
vt 0.841300 0.640800
vt 0.787000 0.650600
vt 0.980200 0.000500
vt 0.819900 0.552800
vt 0.919900 0.886300
vt 0.913500 0.922300
vt 0.814600 0.886300
vt 0.895200 0.954000
vt 0.867200 0.977500
vt 0.832900 0.990000
vt 0.796300 0.990000
vt 0.761900 0.977500
vt 0.733900 0.954000
vt 0.715600 0.922300
vt 0.709300 0.886300
vt 0.715600 0.850300
vt 0.733900 0.818600
vt 0.761900 0.795100
vt 0.796300 0.782600
vt 0.832900 0.782600
vt 0.867200 0.795100
vt 0.895200 0.818600
vt 0.913500 0.850300
# 395 texture coordinates

vn -0.249484 0.005216 -0.968365
vn -0.565666 -0.003591 -0.824626
vn -0.575525 0.010402 -0.817718
vn -0.268815 0.008827 -0.963151
vn -0.823015 0.000000 -0.568020
vn -0.822924 0.018201 -0.567860
vn -0.967682 0.000000 -0.252174
vn -0.967439 0.022496 -0.252104
vn -0.995576 0.000000 0.093959
vn -0.995261 0.025236 0.093908
vn -0.903399 0.000000 0.428801
vn -0.884424 0.034968 0.465372
vn -0.702148 0.000000 0.712031
vn -0.642312 0.062446 0.763896
vn -0.416413 0.000000 0.909176
vn -0.380091 0.089572 0.920602
vn -0.064176 -0.003591 0.997932
vn -0.076062 0.095264 0.992542
vn 0.281266 0.005214 0.959616
vn 0.268083 0.098474 0.958350
vn 0.578855 0.034111 0.814717
vn 0.555033 0.107613 0.824838
vn 0.821267 0.063972 0.566946
vn 0.804338 0.102260 0.585305
vn 0.964045 0.086007 0.251435
vn 0.954576 0.084332 0.285785
vn 0.990820 0.097679 -0.093459
vn 0.996351 0.062167 -0.058472
vn 0.899056 0.097678 -0.426800
vn 0.917713 0.035595 -0.395646
vn 0.699668 0.086014 -0.709272
vn 0.727090 0.017700 -0.686314
vn 0.415327 0.063966 -0.907421
vn 0.416203 0.009441 -0.909223
vn 0.080082 0.034088 -0.996205
vn 0.072208 0.010727 -0.997332
vn -0.583223 0.020686 -0.812049
vn -0.285984 0.025150 -0.957904
vn -0.822989 0.016085 -0.567830
vn -0.967579 0.014367 -0.252158
vn -0.995465 0.015110 0.093919
vn -0.835107 0.033414 0.549071
vn -0.546604 0.057668 0.835404
vn -0.339596 0.072663 0.937760
vn -0.063036 0.085104 0.994376
vn 0.258622 0.094688 0.961327
vn 0.531712 0.095274 0.841550
vn 0.787599 0.095223 0.608786
vn 0.941867 0.089211 0.323926
vn 0.996266 0.084552 -0.017444
vn 0.952522 0.067811 -0.296822
vn 0.793148 0.049092 -0.607048
vn 0.415888 0.033869 -0.908785
vn 0.063753 0.029176 -0.997539
vn -0.576283 0.049801 -0.815732
vn -0.270718 0.042682 -0.961712
vn -0.821641 0.056484 -0.567200
vn -0.965652 0.063920 -0.251855
vn -0.993114 0.070502 0.093563
vn -0.811783 0.072210 0.579477
vn -0.566610 0.052487 0.822313
vn -0.375063 0.027980 0.926577
vn -0.032362 0.009327 0.999433
vn 0.267972 -0.001530 0.963425
vn 0.555325 -0.011579 0.831553
vn 0.806308 -0.006919 0.591456
vn 0.956533 0.006337 0.291555
vn 0.998302 0.022797 -0.053608
vn 0.965799 0.039642 -0.256244
vn 0.818852 0.054247 -0.571436
vn 0.415528 0.052943 -0.908038
vn 0.071755 0.044294 -0.996438
vn -0.573996 0.042891 -0.817734
vn -0.259789 0.041151 -0.964788
vn -0.821990 0.048125 -0.567465
vn -0.966245 0.053176 -0.252077
vn -0.993900 0.058397 0.093555
vn -0.855047 0.047435 0.516377
vn -0.644259 0.026792 0.764338
vn -0.415870 0.017596 0.909254
vn -0.051435 0.006127 0.998658
vn 0.271201 0.000442 0.962523
vn 0.578983 0.001479 0.815338
vn 0.822818 0.002772 0.568298
vn 0.967621 0.003725 0.252380
vn 0.995561 0.004228 -0.094027
vn 0.941928 0.016819 -0.335394
vn 0.769069 0.042305 -0.637764
vn 0.415692 0.049986 -0.908131
vn 0.080168 0.044765 -0.995776
vn -0.576448 0.003176 -0.817128
vn -0.262070 0.034782 -0.964422
vn -0.822882 -0.020977 -0.567825
vn -0.966950 -0.037773 -0.252153
vn -0.994606 -0.044509 0.093685
vn -0.882312 -0.050674 0.467929
vn -0.668688 -0.060197 0.741103
vn -0.415514 -0.054498 0.907953
vn -0.076530 -0.029642 0.996626
vn 0.268795 0.001269 0.963196
vn 0.578595 0.036290 0.814807
vn 0.820904 0.068100 0.566991
vn 0.963555 0.091617 0.251332
vn 0.990164 0.104068 -0.093513
vn 0.915395 0.115833 -0.385532
vn 0.727419 0.125418 -0.674635
vn 0.413813 0.106745 -0.904082
vn 0.079978 0.071879 -0.994202
vn 0.999584 0.028838 0.000138
vn 0.936160 0.081072 -0.342100
vn 0.936744 0.073439 -0.342224
vn 0.999074 0.043019 0.000092
vn 0.761820 0.125970 -0.635423
vn 0.763668 0.099736 -0.637859
vn 0.495420 0.159197 -0.853941
vn 0.497883 0.119528 -0.858968
vn 0.170366 0.176799 -0.969390
vn 0.171432 0.129827 -0.976604
vn -0.170393 0.176803 -0.969385
vn -0.171466 0.129691 -0.976617
vn -0.495444 0.159200 -0.853927
vn -0.498549 0.119259 -0.858619
vn -0.761822 0.125947 -0.635424
vn -0.764143 0.099565 -0.637317
vn -0.936161 0.081049 -0.342101
vn -0.936379 0.073237 -0.343263
vn -0.999584 0.028838 0.000138
vn -0.999091 0.042622 0.000093
vn -0.938906 -0.023620 0.343363
vn -0.938982 0.011901 0.343761
vn -0.764938 -0.068828 0.640416
vn -0.766488 -0.014709 0.642090
vn -0.499420 -0.102300 0.860299
vn -0.501328 -0.034381 0.864574
vn -0.173799 -0.120485 0.977383
vn -0.174819 -0.044667 0.983587
vn 0.173058 -0.120397 0.977525
vn 0.174036 -0.044556 0.983731
vn 0.498768 -0.102242 0.860684
vn 0.500015 -0.034154 0.865343
vn 0.764939 -0.068805 0.640417
vn 0.766026 -0.014577 0.642644
vn 0.938906 -0.023597 0.343363
vn 0.939357 0.012151 0.342725
vn 0.938384 0.053710 -0.341396
vn 0.997397 0.072098 0.000083
vn 0.766290 0.037284 -0.641412
vn 0.500068 0.025466 -0.865612
vn 0.172745 0.019205 -0.984779
vn -0.172763 0.019242 -0.984775
vn -0.501476 0.025613 -0.864792
vn -0.767319 0.037394 -0.640174
vn -0.937560 0.053627 -0.343665
vn -0.997384 0.072292 0.000078
vn -0.935546 0.089928 0.341565
vn -0.762740 0.105234 0.638086
vn -0.496869 0.116836 0.859925
vn -0.172629 0.123058 0.977270
vn 0.172226 0.122948 0.977355
vn 0.495123 0.116741 0.860944
vn 0.761709 0.105277 0.639309
vn 0.936391 0.089739 0.339293
vn 0.940433 0.019628 -0.339412
vn 0.996012 0.089217 -0.000312
vn 0.765682 -0.042747 -0.641797
vn 0.497152 -0.088394 -0.863149
vn 0.173021 -0.112057 -0.978523
vn -0.172491 -0.112023 -0.978620
vn -0.498371 -0.088173 -0.862469
vn -0.766926 -0.042499 -0.640327
vn -0.939471 0.018958 -0.342104
vn -0.996014 0.089201 -0.000339
vn -0.928371 0.157581 0.336594
vn -0.749798 0.215946 0.625436
vn -0.482909 0.258085 0.836774
vn -0.166819 0.279434 0.945562
vn 0.167332 0.279341 0.945499
vn 0.481711 0.258121 0.837453
vn 0.748552 0.216280 0.626812
vn 0.929412 0.157116 0.333927
vn 0.940158 0.032095 -0.339224
vn 0.989355 0.145517 -0.001481
vn 0.763704 -0.071366 -0.641610
vn 0.494384 -0.146581 -0.856795
vn 0.172456 -0.185247 -0.967441
vn -0.171266 -0.185286 -0.967645
vn -0.495338 -0.146140 -0.856319
vn -0.765181 -0.070744 -0.639917
vn -0.939004 0.030967 -0.342510
vn -0.989302 0.145873 -0.001617
vn -0.909303 0.255074 0.328793
vn -0.721705 0.343431 0.600997
vn -0.458986 0.403737 0.791409
vn -0.157379 0.433833 0.887142
vn 0.158484 0.433770 0.886976
vn 0.458100 0.403730 0.791926
vn 0.720238 0.343920 0.602474
vn 0.910749 0.254005 0.325603
vn 0.938137 0.066592 -0.339800
vn 0.979963 0.199169 -0.002213
vn 0.763932 -0.056193 -0.642846
vn 0.495346 -0.145541 -0.856417
vn 0.172350 -0.191115 -0.966318
vn -0.171042 -0.190926 -0.966588
vn -0.496413 -0.144244 -0.856019
vn -0.765544 -0.054911 -0.641036
vn -0.936856 0.065885 -0.343453
vn -0.979573 0.201074 -0.002442
vn -0.888989 0.326001 0.321594
vn -0.696439 0.423236 0.579521
vn -0.439263 0.487756 0.754415
vn -0.149387 0.519379 0.841385
vn 0.150601 0.519130 0.841322
vn 0.438521 0.487180 0.755218
vn 0.694982 0.423408 0.581141
vn 0.890951 0.323996 0.318173
vn 0.111862 0.988049 -0.106046
vn 0.006550 0.509118 -0.860672
vn -0.292576 0.618313 -0.729444
vn -0.488791 0.713591 -0.501868
vn -0.573811 0.781520 -0.244882
vn -0.567171 0.823589 -0.004142
vn -0.493498 0.845805 0.202669
vn -0.368867 0.852539 0.370290
vn -0.202053 0.845228 0.494736
vn 0.004647 0.822548 0.568676
vn 0.246626 0.779485 0.575828
vn 0.502714 0.710807 0.491967
vn 0.731951 0.614574 0.294187
vn 0.863713 0.503938 -0.006843
vn 0.839379 0.414518 -0.351593
vn 0.653867 0.380409 -0.654024
vn 0.351741 0.417441 -0.837867
vn 0.004621 0.434825 -0.900503
vn -0.318040 0.532654 -0.784302
vn -0.545759 0.627361 -0.555486
vn -0.655963 0.701794 -0.277846
vn -0.659393 0.751786 -0.004353
vn -0.578659 0.780348 0.237090
vn -0.432817 0.790562 0.433222
vn -0.235668 0.783735 0.574648
vn 0.004140 0.759125 0.650931
vn 0.273760 0.713408 0.645062
vn 0.545144 0.643839 0.536925
vn 0.772958 0.551919 0.312923
vn 0.892058 0.451892 -0.005015
vn 0.856668 0.371965 -0.357439
vn 0.665341 0.337121 -0.666087
vn 0.359449 0.361152 -0.860445
vn 0.002032 0.263420 -0.964679
vn -0.357909 0.335297 -0.871480
vn -0.639796 0.417069 -0.645534
vn -0.802552 0.492912 -0.336076
vn -0.833765 0.552110 -0.003201
vn -0.745989 0.591462 0.306060
vn -0.560408 0.609804 0.560430
vn -0.302889 0.606888 0.734810
vn 0.002601 0.582965 0.812493
vn 0.326173 0.537166 0.777858
vn 0.625899 0.471475 0.621259
vn 0.851572 0.391343 0.348819
vn 0.950792 0.309820 -0.002660
vn 0.895157 0.244554 -0.372676
vn 0.690743 0.210923 -0.691654
vn 0.374920 0.217919 -0.901081
vn 0.000157 0.085822 -0.996310
vn -0.379885 0.116156 -0.917712
vn -0.697350 0.159240 -0.698817
vn -0.903451 0.207719 -0.375005
vn -0.967308 0.253601 -0.001320
vn -0.884717 0.290452 0.364572
vn -0.671530 0.314185 0.671071
vn -0.362207 0.322008 0.874709
vn 0.000713 0.313080 0.949726
vn 0.367892 0.287480 0.884314
vn 0.685415 0.248417 0.684467
vn 0.905373 0.200727 0.374178
vn 0.988418 0.151756 -0.000780
vn 0.918009 0.109993 -0.381001
vn 0.704270 0.082528 -0.705120
vn 0.382047 0.073837 -0.921188
vn 0.000111 -0.058566 -0.998284
vn -0.381720 -0.069067 -0.921694
vn -0.705063 -0.073875 -0.705286
vn -0.921440 -0.072172 -0.381758
vn -0.997919 -0.064486 -0.000368
vn -0.922806 -0.052302 0.381699
vn -0.706922 -0.036998 0.706323
vn -0.382651 -0.020833 0.923658
vn 0.000138 -0.006497 0.999979
vn 0.383358 0.004192 0.923590
vn 0.707148 0.009295 0.707004
vn 0.923826 0.008015 0.382730
vn 1.000000 0.000709 -0.000337
vn 0.923883 -0.011452 -0.382505
vn 0.706688 -0.026970 -0.707011
vn 0.382378 -0.043684 -0.922973
vn 0.000695 -0.300215 -0.953871
vn -0.360808 -0.327436 -0.873272
vn -0.660282 -0.355271 -0.661672
vn -0.854570 -0.379031 -0.355028
vn -0.918306 -0.395870 -0.000687
vn -0.845417 -0.403486 0.349956
vn -0.647913 -0.401372 0.647387
vn -0.351933 -0.389512 0.851131
vn 0.000850 -0.369521 0.929222
vn 0.360466 -0.343828 0.867091
vn 0.671578 -0.315999 0.670170
vn 0.884240 -0.290627 0.365589
vn 0.962484 -0.271340 -0.000266
vn 0.891953 -0.261696 -0.368694
vn 0.681961 -0.263931 -0.682107
vn 0.367810 -0.277479 -0.887537
vn 0.000775 -0.690027 -0.723783
vn -0.270675 -0.704167 -0.656417
vn -0.489698 -0.720101 -0.491580
vn -0.626295 -0.734665 -0.260812
vn -0.665406 -0.746481 -0.000949
vn -0.607389 -0.753668 0.251125
vn -0.462931 -0.756162 0.462509
vn -0.251257 -0.753265 0.607833
vn 0.000928 -0.745367 0.666654
vn 0.261371 -0.733171 0.627810
vn 0.492945 -0.718223 0.491082
vn 0.657952 -0.702513 0.271245
vn 0.725177 -0.688562 -0.000187
vn 0.678325 -0.679159 -0.280389
vn 0.520848 -0.676082 -0.521182
vn 0.280855 -0.679699 -0.677591
vn 0.007699 -0.999912 -0.010827
vn 0.000000 1.000000 0.000000
# 331 normals

usemtl 777
f 842/1439/785 843/1440/786 844/1441/787 845/1442/788
f 843/1440/786 846/1443/789 847/1444/790 844/1441/787
f 846/1443/789 848/1445/791 849/1446/792 847/1444/790
f 848/1445/791 850/1447/793 851/1448/794 849/1446/792
f 850/1449/793 852/1450/795 853/1451/796 851/1452/794
f 852/1450/795 854/1453/797 855/1454/798 853/1451/796
f 854/1453/797 856/1455/799 857/1456/800 855/1454/798
f 856/1455/799 858/1457/801 859/1458/802 857/1456/800
f 858/1457/801 860/1459/803 861/1460/804 859/1458/802
f 860/1459/803 862/1461/805 863/1462/806 861/1460/804
f 862/1461/805 864/1463/807 865/1464/808 863/1462/806
f 864/1463/807 866/1465/809 867/1466/810 865/1464/808
f 866/1465/809 868/1467/811 869/1468/812 867/1466/810
f 868/1467/811 870/1469/813 871/1470/814 869/1468/812
f 870/1469/813 872/1471/815 873/1472/816 871/1470/814
f 872/1471/815 874/1473/817 875/1474/818 873/1472/816
f 874/1473/817 876/1475/819 877/1476/820 875/1474/818
f 876/1475/819 842/1439/785 845/1442/788 877/1476/820
f 845/1442/788 844/1441/787 878/1477/821 879/1478/822
f 844/1441/787 847/1444/790 880/1479/823 878/1477/821
f 847/1444/790 849/1446/792 881/1480/824 880/1479/823
f 849/1446/792 851/1448/794 882/1481/825 881/1480/824
f 851/1452/794 853/1451/796 883/1482/826 882/1483/825
f 853/1451/796 855/1454/798 884/1484/827 883/1482/826
f 855/1454/798 857/1456/800 885/1485/828 884/1484/827
f 857/1456/800 859/1458/802 886/1486/829 885/1485/828
f 859/1458/802 861/1460/804 887/1487/830 886/1486/829
f 861/1460/804 863/1462/806 888/1488/831 887/1487/830
f 863/1462/806 865/1464/808 889/1489/832 888/1488/831
f 865/1464/808 867/1466/810 890/1490/833 889/1489/832
f 867/1466/810 869/1468/812 891/1491/834 890/1490/833
f 869/1468/812 871/1470/814 892/1492/835 891/1491/834
f 871/1470/814 873/1472/816 893/1493/836 892/1492/835
f 873/1472/816 875/1474/818 894/1494/837 893/1493/836
f 875/1474/818 877/1476/820 895/1495/838 894/1494/837
f 877/1476/820 845/1442/788 879/1478/822 895/1495/838
f 879/1478/822 878/1477/821 896/1496/839 897/1497/840
f 878/1477/821 880/1479/823 898/1498/841 896/1496/839
f 880/1479/823 881/1480/824 899/1499/842 898/1498/841
f 881/1480/824 882/1481/825 900/1500/843 899/1499/842
f 882/1483/825 883/1482/826 901/1501/844 900/1502/843
f 883/1482/826 884/1484/827 902/1503/845 901/1501/844
f 884/1484/827 885/1485/828 903/1504/846 902/1503/845
f 885/1485/828 886/1486/829 904/1505/847 903/1504/846
f 886/1486/829 887/1487/830 905/1506/848 904/1505/847
f 887/1487/830 888/1488/831 906/1507/849 905/1506/848
f 888/1488/831 889/1489/832 907/1508/850 906/1507/849
f 889/1489/832 890/1490/833 908/1509/851 907/1508/850
f 890/1490/833 891/1491/834 909/1510/852 908/1509/851
f 891/1491/834 892/1492/835 910/1511/853 909/1510/852
f 892/1492/835 893/1493/836 911/1512/854 910/1511/853
f 893/1493/836 894/1494/837 912/1513/855 911/1512/854
f 894/1494/837 895/1495/838 913/1514/856 912/1513/855
f 895/1495/838 879/1478/822 897/1497/840 913/1514/856
f 897/1497/840 896/1496/839 914/1515/857 915/1516/858
f 896/1496/839 898/1498/841 916/1517/859 914/1515/857
f 898/1498/841 899/1499/842 917/1518/860 916/1517/859
f 899/1499/842 900/1500/843 918/1519/861 917/1518/860
f 900/1502/843 901/1501/844 919/1520/862 918/1521/861
f 901/1501/844 902/1503/845 920/1522/863 919/1520/862
f 902/1503/845 903/1504/846 921/1523/864 920/1522/863
f 903/1504/846 904/1505/847 922/1524/865 921/1523/864
f 904/1505/847 905/1506/848 923/1525/866 922/1524/865
f 905/1506/848 906/1507/849 924/1526/867 923/1525/866
f 906/1507/849 907/1508/850 925/1527/868 924/1526/867
f 907/1508/850 908/1509/851 926/1528/869 925/1527/868
f 908/1509/851 909/1510/852 927/1529/870 926/1528/869
f 909/1510/852 910/1511/853 928/1530/871 927/1529/870
f 910/1511/853 911/1512/854 929/1531/872 928/1530/871
f 911/1512/854 912/1513/855 930/1532/873 929/1531/872
f 912/1513/855 913/1514/856 931/1533/874 930/1532/873
f 913/1514/856 897/1497/840 915/1516/858 931/1533/874
f 915/1516/858 914/1515/857 932/1534/875 933/1535/876
f 914/1515/857 916/1517/859 934/1536/877 932/1534/875
f 916/1517/859 917/1518/860 935/1537/878 934/1536/877
f 917/1518/860 918/1519/861 936/1538/879 935/1537/878
f 918/1521/861 919/1520/862 937/1539/880 936/1540/879
f 919/1520/862 920/1522/863 938/1541/881 937/1539/880
f 920/1522/863 921/1523/864 939/1542/882 938/1541/881
f 921/1523/864 922/1524/865 940/1543/883 939/1542/882
f 922/1524/865 923/1525/866 941/1544/884 940/1543/883
f 923/1525/866 924/1526/867 942/1545/885 941/1544/884
f 924/1526/867 925/1527/868 943/1546/886 942/1545/885
f 925/1527/868 926/1528/869 944/1547/887 943/1546/886
f 926/1528/869 927/1529/870 945/1548/888 944/1547/887
f 927/1529/870 928/1530/871 946/1549/889 945/1548/888
f 928/1530/871 929/1531/872 947/1550/890 946/1549/889
f 929/1531/872 930/1532/873 948/1551/891 947/1550/890
f 930/1532/873 931/1533/874 949/1552/892 948/1551/891
f 931/1533/874 915/1516/858 933/1535/876 949/1552/892
f 950/1553/893 951/1554/894 952/1555/895 953/1556/896
f 951/1554/894 954/1557/897 955/1558/898 952/1555/895
f 954/1557/897 956/1559/899 957/1560/900 955/1558/898
f 956/1559/899 958/1561/901 959/1562/902 957/1560/900
f 958/1561/901 960/1563/903 961/1564/904 959/1562/902
f 960/1565/903 962/1566/905 963/1567/906 961/1568/904
f 962/1566/905 964/1569/907 965/1570/908 963/1567/906
f 964/1569/907 966/1571/909 967/1572/910 965/1570/908
f 966/1571/909 968/1573/911 969/1574/912 967/1572/910
f 968/1573/911 970/1575/913 971/1576/914 969/1574/912
f 970/1575/913 972/1577/915 973/1578/916 971/1576/914
f 972/1577/915 974/1579/917 975/1580/918 973/1578/916
f 974/1579/917 976/1581/919 977/1582/920 975/1580/918
f 976/1581/919 978/1583/921 979/1584/922 977/1582/920
f 978/1583/921 980/1585/923 981/1586/924 979/1584/922
f 980/1585/923 982/1587/925 983/1588/926 981/1586/924
f 982/1587/925 984/1589/927 985/1590/928 983/1588/926
f 984/1589/927 950/1553/893 953/1556/896 985/1590/928
f 953/1556/896 952/1555/895 986/1591/929 987/1592/930
f 952/1555/895 955/1558/898 988/1593/931 986/1591/929
f 955/1558/898 957/1560/900 989/1594/932 988/1593/931
f 957/1560/900 959/1562/902 990/1595/933 989/1594/932
f 959/1562/902 961/1564/904 991/1596/934 990/1595/933
f 961/1568/904 963/1567/906 992/1597/935 991/1598/934
f 963/1567/906 965/1570/908 993/1599/936 992/1597/935
f 965/1570/908 967/1572/910 994/1600/937 993/1599/936
f 967/1572/910 969/1574/912 995/1601/938 994/1600/937
f 969/1574/912 971/1576/914 996/1602/939 995/1601/938
f 971/1576/914 973/1578/916 997/1603/940 996/1602/939
f 973/1578/916 975/1580/918 998/1604/941 997/1603/940
f 975/1580/918 977/1582/920 999/1605/942 998/1604/941
f 977/1582/920 979/1584/922 1000/1606/943 999/1605/942
f 979/1584/922 981/1586/924 1001/1607/944 1000/1606/943
f 981/1586/924 983/1588/926 1002/1608/945 1001/1607/944
f 983/1588/926 985/1590/928 1003/1609/946 1002/1608/945
f 985/1590/928 953/1556/896 987/1592/930 1003/1609/946
f 987/1592/930 986/1591/929 1004/1610/947 1005/1611/948
f 986/1591/929 988/1593/931 1006/1612/949 1004/1610/947
f 988/1593/931 989/1594/932 1007/1613/950 1006/1612/949
f 989/1594/932 990/1595/933 1008/1614/951 1007/1613/950
f 990/1595/933 991/1596/934 1009/1615/952 1008/1614/951
f 991/1598/934 992/1597/935 1010/1616/953 1009/1617/952
f 992/1597/935 993/1599/936 1011/1618/954 1010/1616/953
f 993/1599/936 994/1600/937 1012/1619/955 1011/1618/954
f 994/1600/937 995/1601/938 1013/1620/956 1012/1619/955
f 995/1601/938 996/1602/939 1014/1621/957 1013/1620/956
f 996/1602/939 997/1603/940 1015/1622/958 1014/1621/957
f 997/1603/940 998/1604/941 1016/1623/959 1015/1622/958
f 998/1604/941 999/1605/942 1017/1624/960 1016/1623/959
f 999/1605/942 1000/1606/943 1018/1625/961 1017/1624/960
f 1000/1606/943 1001/1607/944 1019/1626/962 1018/1625/961
f 1001/1607/944 1002/1608/945 1020/1627/963 1019/1626/962
f 1002/1608/945 1003/1609/946 1021/1628/964 1020/1627/963
f 1003/1609/946 987/1592/930 1005/1611/948 1021/1628/964
f 1005/1611/948 1004/1610/947 1022/1629/965 1023/1630/966
f 1004/1610/947 1006/1612/949 1024/1631/967 1022/1629/965
f 1006/1612/949 1007/1613/950 1025/1632/968 1024/1631/967
f 1007/1613/950 1008/1614/951 1026/1633/969 1025/1632/968
f 1008/1614/951 1009/1615/952 1027/1634/970 1026/1633/969
f 1009/1617/952 1010/1616/953 1028/1635/971 1027/1636/970
f 1010/1616/953 1011/1618/954 1029/1637/972 1028/1635/971
f 1011/1618/954 1012/1619/955 1030/1638/973 1029/1637/972
f 1012/1619/955 1013/1620/956 1031/1639/974 1030/1638/973
f 1013/1620/956 1014/1621/957 1032/1640/975 1031/1639/974
f 1014/1621/957 1015/1622/958 1033/1641/976 1032/1640/975
f 1015/1622/958 1016/1623/959 1034/1642/977 1033/1641/976
f 1016/1623/959 1017/1624/960 1035/1643/978 1034/1642/977
f 1017/1624/960 1018/1625/961 1036/1644/979 1035/1643/978
f 1018/1625/961 1019/1626/962 1037/1645/980 1036/1644/979
f 1019/1626/962 1020/1627/963 1038/1646/981 1037/1645/980
f 1020/1627/963 1021/1628/964 1039/1647/982 1038/1646/981
f 1021/1628/964 1005/1611/948 1023/1630/966 1039/1647/982
f 1023/1630/966 1022/1629/965 1040/1648/983 1041/1649/984
f 1022/1629/965 1024/1631/967 1042/1650/985 1040/1648/983
f 1024/1631/967 1025/1632/968 1043/1651/986 1042/1650/985
f 1025/1632/968 1026/1633/969 1044/1652/987 1043/1651/986
f 1026/1633/969 1027/1634/970 1045/1653/988 1044/1652/987
f 1027/1636/970 1028/1635/971 1046/1654/989 1045/1655/988
f 1028/1635/971 1029/1637/972 1047/1656/990 1046/1654/989
f 1029/1637/972 1030/1638/973 1048/1657/991 1047/1656/990
f 1030/1638/973 1031/1639/974 1049/1658/992 1048/1657/991
f 1031/1639/974 1032/1640/975 1050/1659/993 1049/1658/992
f 1032/1640/975 1033/1641/976 1051/1660/994 1050/1659/993
f 1033/1641/976 1034/1642/977 1052/1661/995 1051/1660/994
f 1034/1642/977 1035/1643/978 1053/1662/996 1052/1661/995
f 1035/1643/978 1036/1644/979 1054/1663/997 1053/1662/996
f 1036/1644/979 1037/1645/980 1055/1664/998 1054/1663/997
f 1037/1645/980 1038/1646/981 1056/1665/999 1055/1664/998
f 1038/1646/981 1039/1647/982 1057/1666/1000 1056/1665/999
f 1039/1647/982 1023/1630/966 1041/1649/984 1057/1666/1000
f 1058/1667/1001 1059/1668/1002 1060/1669/1003
f 1058/1670/1001 1060/1671/1003 1061/1672/1004
f 1058/1670/1001 1061/1672/1004 1062/1673/1005
f 1058/1670/1001 1062/1673/1005 1063/1674/1006
f 1058/1670/1001 1063/1674/1006 1064/1675/1007
f 1058/1676/1001 1064/1677/1007 1065/1678/1008
f 1058/1676/1001 1065/1678/1008 1066/1679/1009
f 1058/1676/1001 1066/1679/1009 1067/1680/1010
f 1058/1676/1001 1067/1680/1010 1068/1681/1011
f 1058/1682/1001 1068/1683/1011 1069/1684/1012
f 1058/1682/1001 1069/1684/1012 1070/1685/1013
f 1058/1682/1001 1070/1685/1013 1071/1686/1014
f 1058/1682/1001 1071/1686/1014 1072/1687/1015
f 1058/1667/1001 1072/1688/1015 1073/1689/1016
f 1058/1667/1001 1073/1689/1016 1074/1690/1017
f 1058/1667/1001 1074/1690/1017 1059/1668/1002
f 1059/1668/1002 1075/1691/1018 1076/1692/1019 1060/1669/1003
f 1060/1671/1003 1076/1693/1019 1077/1694/1020 1061/1672/1004
f 1061/1672/1004 1077/1694/1020 1078/1695/1021 1062/1673/1005
f 1062/1673/1005 1078/1695/1021 1079/1696/1022 1063/1674/1006
f 1063/1674/1006 1079/1696/1022 1080/1697/1023 1064/1675/1007
f 1064/1677/1007 1080/1698/1023 1081/1699/1024 1065/1678/1008
f 1065/1678/1008 1081/1699/1024 1082/1700/1025 1066/1679/1009
f 1066/1679/1009 1082/1700/1025 1083/1701/1026 1067/1680/1010
f 1067/1680/1010 1083/1701/1026 1084/1702/1027 1068/1681/1011
f 1068/1683/1011 1084/1703/1027 1085/1704/1028 1069/1684/1012
f 1069/1684/1012 1085/1704/1028 1086/1705/1029 1070/1685/1013
f 1070/1685/1013 1086/1705/1029 1087/1706/1030 1071/1686/1014
f 1071/1686/1014 1087/1706/1030 1088/1707/1031 1072/1687/1015
f 1072/1688/1015 1088/1708/1031 1089/1709/1032 1073/1689/1016
f 1073/1689/1016 1089/1709/1032 1090/1710/1033 1074/1690/1017
f 1074/1690/1017 1090/1710/1033 1075/1691/1018 1059/1668/1002
f 1075/1691/1018 1091/1711/1034 1092/1712/1035 1076/1692/1019
f 1076/1693/1019 1092/1713/1035 1093/1714/1036 1077/1694/1020
f 1077/1694/1020 1093/1714/1036 1094/1715/1037 1078/1695/1021
f 1078/1695/1021 1094/1715/1037 1095/1716/1038 1079/1696/1022
f 1079/1696/1022 1095/1716/1038 1096/1717/1039 1080/1697/1023
f 1080/1698/1023 1096/1718/1039 1097/1719/1040 1081/1699/1024
f 1081/1699/1024 1097/1719/1040 1098/1720/1041 1082/1700/1025
f 1082/1700/1025 1098/1720/1041 1099/1721/1042 1083/1701/1026
f 1083/1701/1026 1099/1721/1042 1100/1722/1043 1084/1702/1027
f 1084/1703/1027 1100/1723/1043 1101/1724/1044 1085/1704/1028
f 1085/1704/1028 1101/1724/1044 1102/1725/1045 1086/1705/1029
f 1086/1705/1029 1102/1725/1045 1103/1726/1046 1087/1706/1030
f 1087/1706/1030 1103/1726/1046 1104/1727/1047 1088/1707/1031
f 1088/1708/1031 1104/1728/1047 1105/1729/1048 1089/1709/1032
f 1089/1709/1032 1105/1729/1048 1106/1730/1049 1090/1710/1033
f 1090/1710/1033 1106/1730/1049 1091/1711/1034 1075/1691/1018
f 1091/1711/1034 1107/1731/1050 1108/1732/1051 1092/1712/1035
f 1092/1713/1035 1108/1733/1051 1109/1734/1052 1093/1714/1036
f 1093/1714/1036 1109/1734/1052 1110/1735/1053 1094/1715/1037
f 1094/1715/1037 1110/1735/1053 1111/1736/1054 1095/1716/1038
f 1095/1716/1038 1111/1736/1054 1112/1737/1055 1096/1717/1039
f 1096/1718/1039 1112/1738/1055 1113/1739/1056 1097/1719/1040
f 1097/1719/1040 1113/1739/1056 1114/1740/1057 1098/1720/1041
f 1098/1720/1041 1114/1740/1057 1115/1741/1058 1099/1721/1042
f 1099/1721/1042 1115/1741/1058 1116/1742/1059 1100/1722/1043
f 1100/1723/1043 1116/1743/1059 1117/1744/1060 1101/1724/1044
f 1101/1724/1044 1117/1744/1060 1118/1745/1061 1102/1725/1045
f 1102/1725/1045 1118/1745/1061 1119/1746/1062 1103/1726/1046
f 1103/1726/1046 1119/1746/1062 1120/1747/1063 1104/1727/1047
f 1104/1728/1047 1120/1748/1063 1121/1749/1064 1105/1729/1048
f 1105/1729/1048 1121/1749/1064 1122/1750/1065 1106/1730/1049
f 1106/1730/1049 1122/1750/1065 1107/1731/1050 1091/1711/1034
f 1107/1731/1050 1123/1751/1066 1124/1752/1067 1108/1732/1051
f 1108/1733/1051 1124/1753/1067 1125/1754/1068 1109/1734/1052
f 1109/1734/1052 1125/1754/1068 1126/1755/1069 1110/1735/1053
f 1110/1735/1053 1126/1755/1069 1127/1756/1070 1111/1736/1054
f 1111/1736/1054 1127/1756/1070 1128/1757/1071 1112/1737/1055
f 1112/1738/1055 1128/1758/1071 1129/1759/1072 1113/1739/1056
f 1113/1739/1056 1129/1759/1072 1130/1760/1073 1114/1740/1057
f 1114/1740/1057 1130/1760/1073 1131/1761/1074 1115/1741/1058
f 1115/1741/1058 1131/1761/1074 1132/1762/1075 1116/1742/1059
f 1116/1743/1059 1132/1763/1075 1133/1764/1076 1117/1744/1060
f 1117/1744/1060 1133/1764/1076 1134/1765/1077 1118/1745/1061
f 1118/1745/1061 1134/1765/1077 1135/1766/1078 1119/1746/1062
f 1119/1746/1062 1135/1766/1078 1136/1767/1079 1120/1747/1063
f 1120/1748/1063 1136/1768/1079 1137/1769/1080 1121/1749/1064
f 1121/1749/1064 1137/1769/1080 1138/1770/1081 1122/1750/1065
f 1122/1750/1065 1138/1770/1081 1123/1751/1066 1107/1731/1050
f 1123/1751/1066 1139/1771/1082 1140/1772/1083 1124/1752/1067
f 1124/1753/1067 1140/1773/1083 1141/1774/1084 1125/1754/1068
f 1125/1754/1068 1141/1774/1084 1142/1775/1085 1126/1755/1069
f 1126/1755/1069 1142/1775/1085 1143/1776/1086 1127/1756/1070
f 1127/1756/1070 1143/1776/1086 1144/1777/1087 1128/1757/1071
f 1128/1758/1071 1144/1778/1087 1145/1779/1088 1129/1759/1072
f 1129/1759/1072 1145/1779/1088 1146/1780/1089 1130/1760/1073
f 1130/1760/1073 1146/1780/1089 1147/1781/1090 1131/1761/1074
f 1131/1761/1074 1147/1781/1090 1148/1782/1091 1132/1762/1075
f 1132/1763/1075 1148/1783/1091 1149/1784/1092 1133/1764/1076
f 1133/1764/1076 1149/1784/1092 1150/1785/1093 1134/1765/1077
f 1134/1765/1077 1150/1785/1093 1151/1786/1094 1135/1766/1078
f 1135/1766/1078 1151/1786/1094 1152/1787/1095 1136/1767/1079
f 1136/1768/1079 1152/1788/1095 1153/1789/1096 1137/1769/1080
f 1137/1769/1080 1153/1789/1096 1154/1790/1097 1138/1770/1081
f 1138/1770/1081 1154/1790/1097 1139/1771/1082 1123/1751/1066
f 1139/1771/1082 1155/1791/1098 1156/1792/1099 1140/1772/1083
f 1140/1773/1083 1156/1793/1099 1157/1794/1100 1141/1774/1084
f 1141/1774/1084 1157/1794/1100 1158/1795/1101 1142/1775/1085
f 1142/1775/1085 1158/1795/1101 1159/1796/1102 1143/1776/1086
f 1143/1776/1086 1159/1796/1102 1160/1797/1103 1144/1777/1087
f 1144/1778/1087 1160/1798/1103 1161/1799/1104 1145/1779/1088
f 1145/1779/1088 1161/1799/1104 1162/1800/1105 1146/1780/1089
f 1146/1780/1089 1162/1800/1105 1163/1801/1106 1147/1781/1090
f 1147/1781/1090 1163/1801/1106 1164/1802/1107 1148/1782/1091
f 1148/1783/1091 1164/1803/1107 1165/1804/1108 1149/1784/1092
f 1149/1784/1092 1165/1804/1108 1166/1805/1109 1150/1785/1093
f 1150/1785/1093 1166/1805/1109 1167/1806/1110 1151/1786/1094
f 1151/1786/1094 1167/1806/1110 1168/1807/1111 1152/1787/1095
f 1152/1788/1095 1168/1808/1111 1169/1809/1112 1153/1789/1096
f 1153/1789/1096 1169/1809/1112 1170/1810/1113 1154/1790/1097
f 1154/1790/1097 1170/1810/1113 1155/1791/1098 1139/1771/1082
f 1171/1811/1114 1156/1792/1099 1155/1791/1098
f 1171/1812/1114 1157/1794/1100 1156/1793/1099
f 1171/1812/1114 1158/1795/1101 1157/1794/1100
f 1171/1812/1114 1159/1796/1102 1158/1795/1101
f 1171/1812/1114 1160/1797/1103 1159/1796/1102
f 1171/1813/1114 1161/1799/1104 1160/1798/1103
f 1171/1813/1114 1162/1800/1105 1161/1799/1104
f 1171/1813/1114 1163/1801/1106 1162/1800/1105
f 1171/1813/1114 1164/1802/1107 1163/1801/1106
f 1171/1814/1114 1165/1804/1108 1164/1803/1107
f 1171/1814/1114 1166/1805/1109 1165/1804/1108
f 1171/1814/1114 1167/1806/1110 1166/1805/1109
f 1171/1814/1114 1168/1807/1111 1167/1806/1110
f 1171/1811/1114 1169/1809/1112 1168/1808/1111
f 1171/1811/1114 1170/1810/1113 1169/1809/1112
f 1171/1811/1114 1155/1791/1098 1170/1810/1113
f 933/1815/1115 932/1816/1115 1172/1817/1115
f 932/1816/1115 934/1818/1115 1172/1817/1115
f 934/1818/1115 935/1819/1115 1172/1817/1115
f 935/1819/1115 936/1820/1115 1172/1817/1115
f 936/1820/1115 937/1821/1115 1172/1817/1115
f 937/1821/1115 938/1822/1115 1172/1817/1115
f 938/1822/1115 939/1823/1115 1172/1817/1115
f 939/1823/1115 940/1824/1115 1172/1817/1115
f 940/1824/1115 941/1825/1115 1172/1817/1115
f 941/1825/1115 942/1826/1115 1172/1817/1115
f 942/1826/1115 943/1827/1115 1172/1817/1115
f 943/1827/1115 944/1828/1115 1172/1817/1115
f 944/1828/1115 945/1829/1115 1172/1817/1115
f 945/1829/1115 946/1830/1115 1172/1817/1115
f 946/1830/1115 947/1831/1115 1172/1817/1115
f 947/1831/1115 948/1832/1115 1172/1817/1115
f 948/1832/1115 949/1833/1115 1172/1817/1115
f 949/1833/1115 933/1815/1115 1172/1817/1115

g ñòåêëî

v -13.402910 20.133347 -7.179306
v -13.371910 20.133347 -4.770405
v -13.790609 15.516747 -5.072405
v -13.813709 15.516747 -6.862505
v -16.435009 20.133245 -4.730906
v -16.466011 20.133245 -7.139805
v -16.048111 15.516646 -6.833705
v -16.025009 15.516646 -5.043605
v -13.698111 20.133347 -4.422505
v -16.107609 20.133347 -4.391406
v -15.803011 15.516747 -4.811706
v -14.012510 15.516747 -4.834705
v -16.147110 20.133245 -7.454505
v -13.737511 20.133245 -7.485506
v -14.041309 15.516646 -7.069205
v -15.831810 15.516646 -7.046105
# 16 positions

vt 0.458600 0.751500
vt 0.294500 0.751200
vt 0.316000 0.435600
vt 0.437900 0.435800
vt 0.623600 0.751200
vt 0.459600 0.751500
vt 0.480300 0.435800
vt 0.602200 0.435600
vt 0.293600 0.751200
vt 0.129500 0.751500
vt 0.150100 0.435800
vt 0.272100 0.435600
vt 0.788700 0.751500
vt 0.624600 0.751200
vt 0.646100 0.435600
vt 0.768000 0.435800
# 16 texture coordinates

vn 0.995905 -0.089491 -0.012831
vn -0.995921 -0.089309 0.012832
vn 0.012828 -0.089806 0.995877
vn -0.012829 -0.088973 -0.995951
# 4 normals

usemtl 888
f 1173/1834/1116 1174/1835/1116 1175/1836/1116 1176/1837/1116
f 1177/1838/1117 1178/1839/1117 1179/1840/1117 1180/1841/1117
f 1181/1842/1118 1182/1843/1118 1183/1844/1118 1184/1845/1118
f 1185/1846/1119 1186/1847/1119 1187/1848/1119 1188/1849/1119

# 1129 faces
